2026-03-14T12:38:01.737+05:30  INFO 924 --- [grocery-billing-system] [main] c.g.billing.GroceryBillingApplication    : Starting GroceryBillingApplication using Java 21.0.1 with PID 924 (D:\grocery billing system\backend\target\classes started by HP in D:\grocery billing system)
2026-03-14T12:38:01.740+05:30 DEBUG 924 --- [grocery-billing-system] [main] c.g.billing.GroceryBillingApplication    : Running with Spring Boot v3.2.1, Spring v6.1.2
2026-03-14T12:38:01.741+05:30  INFO 924 --- [grocery-billing-system] [main] c.g.billing.GroceryBillingApplication    : No active profile set, falling back to 1 default profile: "default"
2026-03-14T12:38:08.108+05:30  INFO 924 --- [grocery-billing-system] [main] .s.d.r.c.RepositoryConfigurationDelegate : Bootstrapping Spring Data JPA repositories in DEFAULT mode.
2026-03-14T12:38:08.520+05:30  INFO 924 --- [grocery-billing-system] [main] .s.d.r.c.RepositoryConfigurationDelegate : Finished Spring Data repository scanning in 377 ms. Found 8 JPA repository interfaces.
2026-03-14T12:38:11.197+05:30  INFO 924 --- [grocery-billing-system] [main] o.s.b.w.embedded.tomcat.TomcatWebServer  : Tomcat initialized with port 8080 (http)
2026-03-14T12:38:11.231+05:30  INFO 924 --- [grocery-billing-system] [main] o.apache.catalina.core.StandardService   : Starting service [Tomcat]
2026-03-14T12:38:11.241+05:30  INFO 924 --- [grocery-billing-system] [main] o.apache.catalina.core.StandardEngine    : Starting Servlet engine: [Apache Tomcat/10.1.17]
2026-03-14T12:38:11.420+05:30  INFO 924 --- [grocery-billing-system] [main] o.a.c.c.C.[.[localhost].[/api/v1]        : Initializing Spring embedded WebApplicationContext
2026-03-14T12:38:11.421+05:30  INFO 924 --- [grocery-billing-system] [main] w.s.c.ServletWebServerApplicationContext : Root WebApplicationContext: initialization completed in 9335 ms
2026-03-14T12:38:11.825+05:30  INFO 924 --- [grocery-billing-system] [main] com.zaxxer.hikari.HikariDataSource       : HikariPool-1 - Starting...
2026-03-14T12:38:12.439+05:30  INFO 924 --- [grocery-billing-system] [main] com.zaxxer.hikari.pool.HikariPool        : HikariPool-1 - Added connection conn0: url=jdbc:h2:mem:grocery_billing_db user=SA
2026-03-14T12:38:12.459+05:30  INFO 924 --- [grocery-billing-system] [main] com.zaxxer.hikari.HikariDataSource       : HikariPool-1 - Start completed.
2026-03-14T12:38:12.547+05:30  INFO 924 --- [grocery-billing-system] [main] o.s.b.a.h2.H2ConsoleAutoConfiguration    : H2 console available at '/h2-console'. Database available at 'jdbc:h2:mem:grocery_billing_db'
2026-03-14T12:38:13.490+05:30 DEBUG 924 --- [grocery-billing-system] [main] c.g.b.filter.JwtAuthenticationFilter     : Filter 'jwtAuthenticationFilter' configured for use
2026-03-14T12:38:14.060+05:30  INFO 924 --- [grocery-billing-system] [main] o.hibernate.jpa.internal.util.LogHelper  : HHH000204: Processing PersistenceUnitInfo [name: default]
2026-03-14T12:38:14.252+05:30  INFO 924 --- [grocery-billing-system] [main] org.hibernate.Version                    : HHH000412: Hibernate ORM core version 6.4.1.Final
2026-03-14T12:38:14.353+05:30  INFO 924 --- [grocery-billing-system] [main] o.h.c.internal.RegionFactoryInitiator    : HHH000026: Second-level cache disabled
2026-03-14T12:38:15.101+05:30  INFO 924 --- [grocery-billing-system] [main] o.s.o.j.p.SpringPersistenceUnitInfo      : No LoadTimeWeaver setup: ignoring JPA class transformer
2026-03-14T12:38:15.277+05:30  WARN 924 --- [grocery-billing-system] [main] org.hibernate.orm.deprecation            : HHH90000025: H2Dialect does not need to be specified explicitly using 'hibernate.dialect' (remove the property setting and it will be selected by default)
2026-03-14T12:38:18.453+05:30  INFO 924 --- [grocery-billing-system] [main] o.h.e.t.j.p.i.JtaPlatformInitiator       : HHH000489: No JTA platform available (set 'hibernate.transaction.jta.platform' to enable JTA platform integration)
2026-03-14T12:38:18.488+05:30 DEBUG 924 --- [grocery-billing-system] [main] org.hibernate.SQL                        : 
    drop table if exists audit_logs cascade 
2026-03-14T12:38:18.502+05:30 DEBUG 924 --- [grocery-billing-system] [main] org.hibernate.SQL                        : 
    drop table if exists bill_items cascade 
2026-03-14T12:38:18.503+05:30 DEBUG 924 --- [grocery-billing-system] [main] org.hibernate.SQL                        : 
    drop table if exists bills cascade 
2026-03-14T12:38:18.505+05:30 DEBUG 924 --- [grocery-billing-system] [main] org.hibernate.SQL                        : 
    drop table if exists categories cascade 
2026-03-14T12:38:18.506+05:30 DEBUG 924 --- [grocery-billing-system] [main] org.hibernate.SQL                        : 
    drop table if exists customers cascade 
2026-03-14T12:38:18.507+05:30 DEBUG 924 --- [grocery-billing-system] [main] org.hibernate.SQL                        : 
    drop table if exists payments cascade 
2026-03-14T12:38:18.508+05:30 DEBUG 924 --- [grocery-billing-system] [main] org.hibernate.SQL                        : 
    drop table if exists products cascade 
2026-03-14T12:38:18.510+05:30 DEBUG 924 --- [grocery-billing-system] [main] org.hibernate.SQL                        : 
    drop table if exists suppliers cascade 
2026-03-14T12:38:18.512+05:30 DEBUG 924 --- [grocery-billing-system] [main] org.hibernate.SQL                        : 
    drop table if exists users cascade 
2026-03-14T12:38:18.526+05:30 DEBUG 924 --- [grocery-billing-system] [main] org.hibernate.SQL                        : 
    create table audit_logs (
        entity_id integer not null,
        user_id integer not null,
        log_id bigint generated by default as identity,
        timestamp timestamp(6) not null,
        ip_address varchar(45),
        entity_type varchar(50) not null,
        action varchar(100) not null,
        changed_columns varchar(255),
        new_value TEXT,
        old_value TEXT,
        user_agent varchar(255),
        primary key (log_id)
    )
2026-03-14T12:38:18.551+05:30 DEBUG 924 --- [grocery-billing-system] [main] org.hibernate.SQL                        : 
    create table bill_items (
        bill_id integer not null,
        discount_amount numeric(10,2) not null,
        final_line_total numeric(12,2) not null,
        item_id integer generated by default as identity,
        line_total numeric(12,2) not null,
        product_id integer not null,
        quantity integer not null,
        unit_price numeric(10,2) not null,
        created_at timestamp(6) not null,
        primary key (item_id)
    )
2026-03-14T12:38:18.566+05:30 DEBUG 924 --- [grocery-billing-system] [main] org.hibernate.SQL                        : 
    create table bills (
        bill_id integer generated by default as identity,
        cashier_id integer not null,
        customer_id integer,
        discount_amount numeric(12,2) not null,
        subtotal numeric(12,2) not null,
        tax_amount numeric(12,2) not null,
        total_amount numeric(12,2) not null,
        void_by_user_id integer,
        bill_date timestamp(6) not null,
        created_at timestamp(6) not null,
        updated_at timestamp(6) not null,
        void_date timestamp(6),
        bill_number varchar(50) not null unique,
        notes TEXT,
        status varchar(255) not null check (status in ('COMPLETED','VOIDED','REFUNDED')),
        void_reason varchar(255),
        primary key (bill_id)
    )
2026-03-14T12:38:18.593+05:30 DEBUG 924 --- [grocery-billing-system] [main] org.hibernate.SQL                        : 
    create table categories (
        category_id integer generated by default as identity,
        is_active boolean not null,
        parent_id integer,
        created_at timestamp(6) not null,
        updated_at timestamp(6) not null,
        name varchar(100) not null unique,
        description TEXT,
        primary key (category_id)
    )
2026-03-14T12:38:18.602+05:30 DEBUG 924 --- [grocery-billing-system] [main] org.hibernate.SQL                        : 
    create table customers (
        customer_id integer generated by default as identity,
        is_active boolean not null,
        loyalty_points integer not null,
        total_spent numeric(12,2) not null,
        created_at timestamp(6) not null,
        member_since timestamp(6) not null,
        updated_at timestamp(6) not null,
        phone varchar(20) not null unique,
        postal_code varchar(20),
        state varchar(50),
        city varchar(100),
        country varchar(100),
        email varchar(100) unique,
        first_name varchar(100) not null,
        last_name varchar(100) not null,
        address varchar(255),
        primary key (customer_id)
    )
2026-03-14T12:38:18.634+05:30 DEBUG 924 --- [grocery-billing-system] [main] org.hibernate.SQL                        : 
    create table payments (
        amount numeric(12,2) not null,
        bill_id integer not null unique,
        card_last_four varchar(4),
        customer_id integer,
        payment_id integer generated by default as identity,
        created_at timestamp(6) not null,
        processed_at timestamp(6),
        card_brand varchar(20),
        reference_number varchar(100),
        gateway_response TEXT,
        payment_method varchar(255) not null check (payment_method in ('CASH','CREDIT_CARD','DEBIT_CARD','DIGITAL_WALLET','CHECK')),
        status varchar(255) not null check (status in ('PENDING','APPROVED','DECLINED','FAILED')),
        primary key (payment_id)
    )
2026-03-14T12:38:18.649+05:30 DEBUG 924 --- [grocery-billing-system] [main] org.hibernate.SQL                        : 
    create table products (
        category_id integer not null,
        cost_price numeric(10,2) not null,
        expiry_date date,
        is_active boolean not null,
        price numeric(10,2) not null,
        product_id integer generated by default as identity,
        quantity_on_hand integer not null,
        reorder_level integer not null,
        reorder_quantity integer not null,
        supplier_id integer not null,
        created_at timestamp(6) not null,
        updated_at timestamp(6) not null,
        unit_of_measure varchar(20),
        barcode varchar(50) not null unique,
        sku varchar(50) not null unique,
        name varchar(200) not null,
        description TEXT,
        image_url varchar(255),
        primary key (product_id)
    )
2026-03-14T12:38:18.667+05:30 DEBUG 924 --- [grocery-billing-system] [main] org.hibernate.SQL                        : 
    create table suppliers (
        is_active boolean not null,
        supplier_id integer generated by default as identity,
        created_at timestamp(6) not null,
        updated_at timestamp(6) not null,
        phone varchar(20),
        postal_code varchar(20),
        state varchar(50),
        city varchar(100),
        contact_person varchar(100),
        country varchar(100),
        email varchar(100),
        payment_terms varchar(100),
        name varchar(150) not null unique,
        address varchar(255),
        primary key (supplier_id)
    )
2026-03-14T12:38:18.685+05:30 DEBUG 924 --- [grocery-billing-system] [main] org.hibernate.SQL                        : 
    create table users (
        is_active boolean not null,
        user_id integer generated by default as identity,
        created_at timestamp(6) not null,
        last_login timestamp(6),
        updated_at timestamp(6) not null,
        username varchar(50) not null unique,
        email varchar(100) not null unique,
        first_name varchar(100) not null,
        last_name varchar(100) not null,
        password_hash varchar(255) not null,
        role varchar(255) not null check (role in ('ADMIN','MANAGER','CASHIER','INVENTORY_MANAGER','ACCOUNTANT')),
        primary key (user_id)
    )
2026-03-14T12:38:18.704+05:30 DEBUG 924 --- [grocery-billing-system] [main] org.hibernate.SQL                        : 
    create index idx_user_id 
       on audit_logs (user_id)
2026-03-14T12:38:18.709+05:30 DEBUG 924 --- [grocery-billing-system] [main] org.hibernate.SQL                        : 
    create index idx_timestamp 
       on audit_logs (timestamp)
2026-03-14T12:38:18.717+05:30 DEBUG 924 --- [grocery-billing-system] [main] org.hibernate.SQL                        : 
    create index idx_entity_type_id 
       on audit_logs (entity_type, entity_id)
2026-03-14T12:38:18.720+05:30 DEBUG 924 --- [grocery-billing-system] [main] org.hibernate.SQL                        : 
    create index idx_action 
       on audit_logs (action)
2026-03-14T12:38:18.728+05:30 DEBUG 924 --- [grocery-billing-system] [main] org.hibernate.SQL                        : 
    create index idx_bill_id 
       on bill_items (bill_id)
2026-03-14T12:38:18.732+05:30 DEBUG 924 --- [grocery-billing-system] [main] org.hibernate.SQL                        : 
    create index idx_product_id 
       on bill_items (product_id)
2026-03-14T12:38:18.735+05:30 DEBUG 924 --- [grocery-billing-system] [main] org.hibernate.SQL                        : 
    create index uk_bill_product 
       on bill_items (bill_id, product_id)
2026-03-14T12:38:18.737+05:30 DEBUG 924 --- [grocery-billing-system] [main] org.hibernate.SQL                        : 
    create index idx_bill_number 
       on bills (bill_number)
2026-03-14T12:38:18.740+05:30 DEBUG 924 --- [grocery-billing-system] [main] org.hibernate.SQL                        : 
    create index idx_bill_date 
       on bills (bill_date)
2026-03-14T12:38:18.744+05:30 DEBUG 924 --- [grocery-billing-system] [main] org.hibernate.SQL                        : 
    create index idx_cashier_id 
       on bills (cashier_id)
2026-03-14T12:38:18.749+05:30 DEBUG 924 --- [grocery-billing-system] [main] org.hibernate.SQL                        : 
    create index idx_customer_id 
       on bills (customer_id)
2026-03-14T12:38:18.753+05:30 DEBUG 924 --- [grocery-billing-system] [main] org.hibernate.SQL                        : 
    create index idx_status 
       on bills (status)
2026-03-14T12:38:18.765+05:30 DEBUG 924 --- [grocery-billing-system] [main] org.hibernate.SQL                        : 
    create index idx_parent_id 
       on categories (parent_id)
2026-03-14T12:38:18.768+05:30 DEBUG 924 --- [grocery-billing-system] [main] org.hibernate.SQL                        : 
    create index idx_is_active 
       on categories (is_active)
2026-03-14T12:38:18.772+05:30 DEBUG 924 --- [grocery-billing-system] [main] org.hibernate.SQL                        : 
    create index idx_name 
       on categories (name)
2026-03-14T12:38:18.775+05:30 DEBUG 924 --- [grocery-billing-system] [main] org.hibernate.SQL                        : 
    create index idx_phone 
       on customers (phone)
2026-03-14T12:38:18.777+05:30 DEBUG 924 --- [grocery-billing-system] [main] org.hibernate.SQL                        : 
    create index idx_email 
       on customers (email)
2026-03-14T12:38:18.790+05:30 DEBUG 924 --- [grocery-billing-system] [main] org.hibernate.SQL                        : 
    create index idx_customer_name 
       on customers (first_name, last_name)
2026-03-14T12:38:18.792+05:30 DEBUG 924 --- [grocery-billing-system] [main] org.hibernate.SQL                        : 
    create index idx_bill_id 
       on payments (bill_id)
2026-03-14T12:38:18.804+05:30  WARN 924 --- [grocery-billing-system] [main] o.h.t.s.i.ExceptionHandlerLoggedImpl     : GenerationTarget encountered exception accepting command : Error executing DDL "
    create index idx_bill_id 
       on payments (bill_id)" via JDBC [Index "IDX_BILL_ID" already exists;]

org.hibernate.tool.schema.spi.CommandAcceptanceException: Error executing DDL "
    create index idx_bill_id 
       on payments (bill_id)" via JDBC [Index "IDX_BILL_ID" already exists;]
	at org.hibernate.tool.schema.internal.exec.GenerationTargetToDatabase.accept(GenerationTargetToDatabase.java:94) ~[hibernate-core-6.4.1.Final.jar:6.4.1.Final]
	at org.hibernate.tool.schema.internal.Helper.applySqlString(Helper.java:233) ~[hibernate-core-6.4.1.Final.jar:6.4.1.Final]
	at org.hibernate.tool.schema.internal.Helper.applySqlStrings(Helper.java:217) ~[hibernate-core-6.4.1.Final.jar:6.4.1.Final]
	at org.hibernate.tool.schema.internal.SchemaCreatorImpl.createTableConstraints(SchemaCreatorImpl.java:383) ~[hibernate-core-6.4.1.Final.jar:6.4.1.Final]
	at org.hibernate.tool.schema.internal.SchemaCreatorImpl.createSequencesTablesConstraints(SchemaCreatorImpl.java:351) ~[hibernate-core-6.4.1.Final.jar:6.4.1.Final]
	at org.hibernate.tool.schema.internal.SchemaCreatorImpl.createFromMetadata(SchemaCreatorImpl.java:239) ~[hibernate-core-6.4.1.Final.jar:6.4.1.Final]
	at org.hibernate.tool.schema.internal.SchemaCreatorImpl.performCreation(SchemaCreatorImpl.java:172) ~[hibernate-core-6.4.1.Final.jar:6.4.1.Final]
	at org.hibernate.tool.schema.internal.SchemaCreatorImpl.doCreation(SchemaCreatorImpl.java:142) ~[hibernate-core-6.4.1.Final.jar:6.4.1.Final]
	at org.hibernate.tool.schema.internal.SchemaCreatorImpl.doCreation(SchemaCreatorImpl.java:118) ~[hibernate-core-6.4.1.Final.jar:6.4.1.Final]
	at org.hibernate.tool.schema.spi.SchemaManagementToolCoordinator.performDatabaseAction(SchemaManagementToolCoordinator.java:256) ~[hibernate-core-6.4.1.Final.jar:6.4.1.Final]
	at org.hibernate.tool.schema.spi.SchemaManagementToolCoordinator.lambda$process$5(SchemaManagementToolCoordinator.java:145) ~[hibernate-core-6.4.1.Final.jar:6.4.1.Final]
	at java.base/java.util.HashMap.forEach(HashMap.java:1429) ~[na:na]
	at org.hibernate.tool.schema.spi.SchemaManagementToolCoordinator.process(SchemaManagementToolCoordinator.java:142) ~[hibernate-core-6.4.1.Final.jar:6.4.1.Final]
	at org.hibernate.boot.internal.SessionFactoryObserverForSchemaExport.sessionFactoryCreated(SessionFactoryObserverForSchemaExport.java:37) ~[hibernate-core-6.4.1.Final.jar:6.4.1.Final]
	at org.hibernate.internal.SessionFactoryObserverChain.sessionFactoryCreated(SessionFactoryObserverChain.java:35) ~[hibernate-core-6.4.1.Final.jar:6.4.1.Final]
	at org.hibernate.internal.SessionFactoryImpl.<init>(SessionFactoryImpl.java:315) ~[hibernate-core-6.4.1.Final.jar:6.4.1.Final]
	at org.hibernate.boot.internal.SessionFactoryBuilderImpl.build(SessionFactoryBuilderImpl.java:450) ~[hibernate-core-6.4.1.Final.jar:6.4.1.Final]
	at org.hibernate.jpa.boot.internal.EntityManagerFactoryBuilderImpl.build(EntityManagerFactoryBuilderImpl.java:1507) ~[hibernate-core-6.4.1.Final.jar:6.4.1.Final]
	at org.springframework.orm.jpa.vendor.SpringHibernateJpaPersistenceProvider.createContainerEntityManagerFactory(SpringHibernateJpaPersistenceProvider.java:75) ~[spring-orm-6.1.2.jar:6.1.2]
	at org.springframework.orm.jpa.LocalContainerEntityManagerFactoryBean.createNativeEntityManagerFactory(LocalContainerEntityManagerFactoryBean.java:376) ~[spring-orm-6.1.2.jar:6.1.2]
	at org.springframework.orm.jpa.AbstractEntityManagerFactoryBean.buildNativeEntityManagerFactory(AbstractEntityManagerFactoryBean.java:409) ~[spring-orm-6.1.2.jar:6.1.2]
	at org.springframework.orm.jpa.AbstractEntityManagerFactoryBean.afterPropertiesSet(AbstractEntityManagerFactoryBean.java:396) ~[spring-orm-6.1.2.jar:6.1.2]
	at org.springframework.orm.jpa.LocalContainerEntityManagerFactoryBean.afterPropertiesSet(LocalContainerEntityManagerFactoryBean.java:352) ~[spring-orm-6.1.2.jar:6.1.2]
	at org.springframework.beans.factory.support.AbstractAutowireCapableBeanFactory.invokeInitMethods(AbstractAutowireCapableBeanFactory.java:1820) ~[spring-beans-6.1.2.jar:6.1.2]
	at org.springframework.beans.factory.support.AbstractAutowireCapableBeanFactory.initializeBean(AbstractAutowireCapableBeanFactory.java:1769) ~[spring-beans-6.1.2.jar:6.1.2]
	at org.springframework.beans.factory.support.AbstractAutowireCapableBeanFactory.doCreateBean(AbstractAutowireCapableBeanFactory.java:599) ~[spring-beans-6.1.2.jar:6.1.2]
	at org.springframework.beans.factory.support.AbstractAutowireCapableBeanFactory.createBean(AbstractAutowireCapableBeanFactory.java:521) ~[spring-beans-6.1.2.jar:6.1.2]
	at org.springframework.beans.factory.support.AbstractBeanFactory.lambda$doGetBean$0(AbstractBeanFactory.java:325) ~[spring-beans-6.1.2.jar:6.1.2]
	at org.springframework.beans.factory.support.DefaultSingletonBeanRegistry.getSingleton(DefaultSingletonBeanRegistry.java:234) ~[spring-beans-6.1.2.jar:6.1.2]
	at org.springframework.beans.factory.support.AbstractBeanFactory.doGetBean(AbstractBeanFactory.java:323) ~[spring-beans-6.1.2.jar:6.1.2]
	at org.springframework.beans.factory.support.AbstractBeanFactory.getBean(AbstractBeanFactory.java:199) ~[spring-beans-6.1.2.jar:6.1.2]
	at org.springframework.context.support.AbstractApplicationContext.getBean(AbstractApplicationContext.java:1232) ~[spring-context-6.1.2.jar:6.1.2]
	at org.springframework.context.support.AbstractApplicationContext.finishBeanFactoryInitialization(AbstractApplicationContext.java:950) ~[spring-context-6.1.2.jar:6.1.2]
	at org.springframework.context.support.AbstractApplicationContext.refresh(AbstractApplicationContext.java:625) ~[spring-context-6.1.2.jar:6.1.2]
	at org.springframework.boot.web.servlet.context.ServletWebServerApplicationContext.refresh(ServletWebServerApplicationContext.java:146) ~[spring-boot-3.2.1.jar:3.2.1]
	at org.springframework.boot.SpringApplication.refresh(SpringApplication.java:762) ~[spring-boot-3.2.1.jar:3.2.1]
	at org.springframework.boot.SpringApplication.refreshContext(SpringApplication.java:464) ~[spring-boot-3.2.1.jar:3.2.1]
	at org.springframework.boot.SpringApplication.run(SpringApplication.java:334) ~[spring-boot-3.2.1.jar:3.2.1]
	at org.springframework.boot.SpringApplication.run(SpringApplication.java:1358) ~[spring-boot-3.2.1.jar:3.2.1]
	at org.springframework.boot.SpringApplication.run(SpringApplication.java:1347) ~[spring-boot-3.2.1.jar:3.2.1]
	at com.grocerystore.billing.GroceryBillingApplication.main(GroceryBillingApplication.java:21) ~[classes/:na]
Caused by: org.h2.jdbc.JdbcSQLSyntaxErrorException: Index "IDX_BILL_ID" already exists; SQL statement:

    create index idx_bill_id 
       on payments (bi [42111-224]
	at org.h2.message.DbException.getJdbcSQLException(DbException.java:514) ~[h2-2.2.224.jar:2.2.224]
	at org.h2.message.DbException.getJdbcSQLException(DbException.java:489) ~[h2-2.2.224.jar:2.2.224]
	at org.h2.message.DbException.get(DbException.java:223) ~[h2-2.2.224.jar:2.2.224]
	at org.h2.message.DbException.get(DbException.java:199) ~[h2-2.2.224.jar:2.2.224]
	at org.h2.command.ddl.CreateIndex.update(CreateIndex.java:76) ~[h2-2.2.224.jar:2.2.224]
	at org.h2.command.CommandContainer.update(CommandContainer.java:169) ~[h2-2.2.224.jar:2.2.224]
	at org.h2.command.Command.executeUpdate(Command.java:256) ~[h2-2.2.224.jar:2.2.224]
	at org.h2.jdbc.JdbcStatement.executeInternal(JdbcStatement.java:262) ~[h2-2.2.224.jar:2.2.224]
	at org.h2.jdbc.JdbcStatement.execute(JdbcStatement.java:231) ~[h2-2.2.224.jar:2.2.224]
	at com.zaxxer.hikari.pool.ProxyStatement.execute(ProxyStatement.java:94) ~[HikariCP-5.0.1.jar:na]
	at com.zaxxer.hikari.pool.HikariProxyStatement.execute(HikariProxyStatement.java) ~[HikariCP-5.0.1.jar:na]
	at org.hibernate.tool.schema.internal.exec.GenerationTargetToDatabase.accept(GenerationTargetToDatabase.java:80) ~[hibernate-core-6.4.1.Final.jar:6.4.1.Final]
	... 40 common frames omitted

2026-03-14T12:38:18.873+05:30 DEBUG 924 --- [grocery-billing-system] [main] org.hibernate.SQL                        : 
    create index idx_customer_id 
       on payments (customer_id)
2026-03-14T12:38:18.883+05:30  WARN 924 --- [grocery-billing-system] [main] o.h.t.s.i.ExceptionHandlerLoggedImpl     : GenerationTarget encountered exception accepting command : Error executing DDL "
    create index idx_customer_id 
       on payments (customer_id)" via JDBC [Index "IDX_CUSTOMER_ID" already exists;]

org.hibernate.tool.schema.spi.CommandAcceptanceException: Error executing DDL "
    create index idx_customer_id 
       on payments (customer_id)" via JDBC [Index "IDX_CUSTOMER_ID" already exists;]
	at org.hibernate.tool.schema.internal.exec.GenerationTargetToDatabase.accept(GenerationTargetToDatabase.java:94) ~[hibernate-core-6.4.1.Final.jar:6.4.1.Final]
	at org.hibernate.tool.schema.internal.Helper.applySqlString(Helper.java:233) ~[hibernate-core-6.4.1.Final.jar:6.4.1.Final]
	at org.hibernate.tool.schema.internal.Helper.applySqlStrings(Helper.java:217) ~[hibernate-core-6.4.1.Final.jar:6.4.1.Final]
	at org.hibernate.tool.schema.internal.SchemaCreatorImpl.createTableConstraints(SchemaCreatorImpl.java:383) ~[hibernate-core-6.4.1.Final.jar:6.4.1.Final]
	at org.hibernate.tool.schema.internal.SchemaCreatorImpl.createSequencesTablesConstraints(SchemaCreatorImpl.java:351) ~[hibernate-core-6.4.1.Final.jar:6.4.1.Final]
	at org.hibernate.tool.schema.internal.SchemaCreatorImpl.createFromMetadata(SchemaCreatorImpl.java:239) ~[hibernate-core-6.4.1.Final.jar:6.4.1.Final]
	at org.hibernate.tool.schema.internal.SchemaCreatorImpl.performCreation(SchemaCreatorImpl.java:172) ~[hibernate-core-6.4.1.Final.jar:6.4.1.Final]
	at org.hibernate.tool.schema.internal.SchemaCreatorImpl.doCreation(SchemaCreatorImpl.java:142) ~[hibernate-core-6.4.1.Final.jar:6.4.1.Final]
	at org.hibernate.tool.schema.internal.SchemaCreatorImpl.doCreation(SchemaCreatorImpl.java:118) ~[hibernate-core-6.4.1.Final.jar:6.4.1.Final]
	at org.hibernate.tool.schema.spi.SchemaManagementToolCoordinator.performDatabaseAction(SchemaManagementToolCoordinator.java:256) ~[hibernate-core-6.4.1.Final.jar:6.4.1.Final]
	at org.hibernate.tool.schema.spi.SchemaManagementToolCoordinator.lambda$process$5(SchemaManagementToolCoordinator.java:145) ~[hibernate-core-6.4.1.Final.jar:6.4.1.Final]
	at java.base/java.util.HashMap.forEach(HashMap.java:1429) ~[na:na]
	at org.hibernate.tool.schema.spi.SchemaManagementToolCoordinator.process(SchemaManagementToolCoordinator.java:142) ~[hibernate-core-6.4.1.Final.jar:6.4.1.Final]
	at org.hibernate.boot.internal.SessionFactoryObserverForSchemaExport.sessionFactoryCreated(SessionFactoryObserverForSchemaExport.java:37) ~[hibernate-core-6.4.1.Final.jar:6.4.1.Final]
	at org.hibernate.internal.SessionFactoryObserverChain.sessionFactoryCreated(SessionFactoryObserverChain.java:35) ~[hibernate-core-6.4.1.Final.jar:6.4.1.Final]
	at org.hibernate.internal.SessionFactoryImpl.<init>(SessionFactoryImpl.java:315) ~[hibernate-core-6.4.1.Final.jar:6.4.1.Final]
	at org.hibernate.boot.internal.SessionFactoryBuilderImpl.build(SessionFactoryBuilderImpl.java:450) ~[hibernate-core-6.4.1.Final.jar:6.4.1.Final]
	at org.hibernate.jpa.boot.internal.EntityManagerFactoryBuilderImpl.build(EntityManagerFactoryBuilderImpl.java:1507) ~[hibernate-core-6.4.1.Final.jar:6.4.1.Final]
	at org.springframework.orm.jpa.vendor.SpringHibernateJpaPersistenceProvider.createContainerEntityManagerFactory(SpringHibernateJpaPersistenceProvider.java:75) ~[spring-orm-6.1.2.jar:6.1.2]
	at org.springframework.orm.jpa.LocalContainerEntityManagerFactoryBean.createNativeEntityManagerFactory(LocalContainerEntityManagerFactoryBean.java:376) ~[spring-orm-6.1.2.jar:6.1.2]
	at org.springframework.orm.jpa.AbstractEntityManagerFactoryBean.buildNativeEntityManagerFactory(AbstractEntityManagerFactoryBean.java:409) ~[spring-orm-6.1.2.jar:6.1.2]
	at org.springframework.orm.jpa.AbstractEntityManagerFactoryBean.afterPropertiesSet(AbstractEntityManagerFactoryBean.java:396) ~[spring-orm-6.1.2.jar:6.1.2]
	at org.springframework.orm.jpa.LocalContainerEntityManagerFactoryBean.afterPropertiesSet(LocalContainerEntityManagerFactoryBean.java:352) ~[spring-orm-6.1.2.jar:6.1.2]
	at org.springframework.beans.factory.support.AbstractAutowireCapableBeanFactory.invokeInitMethods(AbstractAutowireCapableBeanFactory.java:1820) ~[spring-beans-6.1.2.jar:6.1.2]
	at org.springframework.beans.factory.support.AbstractAutowireCapableBeanFactory.initializeBean(AbstractAutowireCapableBeanFactory.java:1769) ~[spring-beans-6.1.2.jar:6.1.2]
	at org.springframework.beans.factory.support.AbstractAutowireCapableBeanFactory.doCreateBean(AbstractAutowireCapableBeanFactory.java:599) ~[spring-beans-6.1.2.jar:6.1.2]
	at org.springframework.beans.factory.support.AbstractAutowireCapableBeanFactory.createBean(AbstractAutowireCapableBeanFactory.java:521) ~[spring-beans-6.1.2.jar:6.1.2]
	at org.springframework.beans.factory.support.AbstractBeanFactory.lambda$doGetBean$0(AbstractBeanFactory.java:325) ~[spring-beans-6.1.2.jar:6.1.2]
	at org.springframework.beans.factory.support.DefaultSingletonBeanRegistry.getSingleton(DefaultSingletonBeanRegistry.java:234) ~[spring-beans-6.1.2.jar:6.1.2]
	at org.springframework.beans.factory.support.AbstractBeanFactory.doGetBean(AbstractBeanFactory.java:323) ~[spring-beans-6.1.2.jar:6.1.2]
	at org.springframework.beans.factory.support.AbstractBeanFactory.getBean(AbstractBeanFactory.java:199) ~[spring-beans-6.1.2.jar:6.1.2]
	at org.springframework.context.support.AbstractApplicationContext.getBean(AbstractApplicationContext.java:1232) ~[spring-context-6.1.2.jar:6.1.2]
	at org.springframework.context.support.AbstractApplicationContext.finishBeanFactoryInitialization(AbstractApplicationContext.java:950) ~[spring-context-6.1.2.jar:6.1.2]
	at org.springframework.context.support.AbstractApplicationContext.refresh(AbstractApplicationContext.java:625) ~[spring-context-6.1.2.jar:6.1.2]
	at org.springframework.boot.web.servlet.context.ServletWebServerApplicationContext.refresh(ServletWebServerApplicationContext.java:146) ~[spring-boot-3.2.1.jar:3.2.1]
	at org.springframework.boot.SpringApplication.refresh(SpringApplication.java:762) ~[spring-boot-3.2.1.jar:3.2.1]
	at org.springframework.boot.SpringApplication.refreshContext(SpringApplication.java:464) ~[spring-boot-3.2.1.jar:3.2.1]
	at org.springframework.boot.SpringApplication.run(SpringApplication.java:334) ~[spring-boot-3.2.1.jar:3.2.1]
	at org.springframework.boot.SpringApplication.run(SpringApplication.java:1358) ~[spring-boot-3.2.1.jar:3.2.1]
	at org.springframework.boot.SpringApplication.run(SpringApplication.java:1347) ~[spring-boot-3.2.1.jar:3.2.1]
	at com.grocerystore.billing.GroceryBillingApplication.main(GroceryBillingApplication.java:21) ~[classes/:na]
Caused by: org.h2.jdbc.JdbcSQLSyntaxErrorException: Index "IDX_CUSTOMER_ID" already exists; SQL statement:

    create index idx_customer_id 
       on payments (custom [42111-224]
	at org.h2.message.DbException.getJdbcSQLException(DbException.java:514) ~[h2-2.2.224.jar:2.2.224]
	at org.h2.message.DbException.getJdbcSQLException(DbException.java:489) ~[h2-2.2.224.jar:2.2.224]
	at org.h2.message.DbException.get(DbException.java:223) ~[h2-2.2.224.jar:2.2.224]
	at org.h2.message.DbException.get(DbException.java:199) ~[h2-2.2.224.jar:2.2.224]
	at org.h2.command.ddl.CreateIndex.update(CreateIndex.java:76) ~[h2-2.2.224.jar:2.2.224]
	at org.h2.command.CommandContainer.update(CommandContainer.java:169) ~[h2-2.2.224.jar:2.2.224]
	at org.h2.command.Command.executeUpdate(Command.java:256) ~[h2-2.2.224.jar:2.2.224]
	at org.h2.jdbc.JdbcStatement.executeInternal(JdbcStatement.java:262) ~[h2-2.2.224.jar:2.2.224]
	at org.h2.jdbc.JdbcStatement.execute(JdbcStatement.java:231) ~[h2-2.2.224.jar:2.2.224]
	at com.zaxxer.hikari.pool.ProxyStatement.execute(ProxyStatement.java:94) ~[HikariCP-5.0.1.jar:na]
	at com.zaxxer.hikari.pool.HikariProxyStatement.execute(HikariProxyStatement.java) ~[HikariCP-5.0.1.jar:na]
	at org.hibernate.tool.schema.internal.exec.GenerationTargetToDatabase.accept(GenerationTargetToDatabase.java:80) ~[hibernate-core-6.4.1.Final.jar:6.4.1.Final]
	... 40 common frames omitted

2026-03-14T12:38:18.969+05:30 DEBUG 924 --- [grocery-billing-system] [main] org.hibernate.SQL                        : 
    create index idx_payment_method 
       on payments (payment_method)
2026-03-14T12:38:18.972+05:30 DEBUG 924 --- [grocery-billing-system] [main] org.hibernate.SQL                        : 
    create index idx_status 
       on payments (status)
2026-03-14T12:38:18.975+05:30  WARN 924 --- [grocery-billing-system] [main] o.h.t.s.i.ExceptionHandlerLoggedImpl     : GenerationTarget encountered exception accepting command : Error executing DDL "
    create index idx_status 
       on payments (status)" via JDBC [Index "IDX_STATUS" already exists;]

org.hibernate.tool.schema.spi.CommandAcceptanceException: Error executing DDL "
    create index idx_status 
       on payments (status)" via JDBC [Index "IDX_STATUS" already exists;]
	at org.hibernate.tool.schema.internal.exec.GenerationTargetToDatabase.accept(GenerationTargetToDatabase.java:94) ~[hibernate-core-6.4.1.Final.jar:6.4.1.Final]
	at org.hibernate.tool.schema.internal.Helper.applySqlString(Helper.java:233) ~[hibernate-core-6.4.1.Final.jar:6.4.1.Final]
	at org.hibernate.tool.schema.internal.Helper.applySqlStrings(Helper.java:217) ~[hibernate-core-6.4.1.Final.jar:6.4.1.Final]
	at org.hibernate.tool.schema.internal.SchemaCreatorImpl.createTableConstraints(SchemaCreatorImpl.java:383) ~[hibernate-core-6.4.1.Final.jar:6.4.1.Final]
	at org.hibernate.tool.schema.internal.SchemaCreatorImpl.createSequencesTablesConstraints(SchemaCreatorImpl.java:351) ~[hibernate-core-6.4.1.Final.jar:6.4.1.Final]
	at org.hibernate.tool.schema.internal.SchemaCreatorImpl.createFromMetadata(SchemaCreatorImpl.java:239) ~[hibernate-core-6.4.1.Final.jar:6.4.1.Final]
	at org.hibernate.tool.schema.internal.SchemaCreatorImpl.performCreation(SchemaCreatorImpl.java:172) ~[hibernate-core-6.4.1.Final.jar:6.4.1.Final]
	at org.hibernate.tool.schema.internal.SchemaCreatorImpl.doCreation(SchemaCreatorImpl.java:142) ~[hibernate-core-6.4.1.Final.jar:6.4.1.Final]
	at org.hibernate.tool.schema.internal.SchemaCreatorImpl.doCreation(SchemaCreatorImpl.java:118) ~[hibernate-core-6.4.1.Final.jar:6.4.1.Final]
	at org.hibernate.tool.schema.spi.SchemaManagementToolCoordinator.performDatabaseAction(SchemaManagementToolCoordinator.java:256) ~[hibernate-core-6.4.1.Final.jar:6.4.1.Final]
	at org.hibernate.tool.schema.spi.SchemaManagementToolCoordinator.lambda$process$5(SchemaManagementToolCoordinator.java:145) ~[hibernate-core-6.4.1.Final.jar:6.4.1.Final]
	at java.base/java.util.HashMap.forEach(HashMap.java:1429) ~[na:na]
	at org.hibernate.tool.schema.spi.SchemaManagementToolCoordinator.process(SchemaManagementToolCoordinator.java:142) ~[hibernate-core-6.4.1.Final.jar:6.4.1.Final]
	at org.hibernate.boot.internal.SessionFactoryObserverForSchemaExport.sessionFactoryCreated(SessionFactoryObserverForSchemaExport.java:37) ~[hibernate-core-6.4.1.Final.jar:6.4.1.Final]
	at org.hibernate.internal.SessionFactoryObserverChain.sessionFactoryCreated(SessionFactoryObserverChain.java:35) ~[hibernate-core-6.4.1.Final.jar:6.4.1.Final]
	at org.hibernate.internal.SessionFactoryImpl.<init>(SessionFactoryImpl.java:315) ~[hibernate-core-6.4.1.Final.jar:6.4.1.Final]
	at org.hibernate.boot.internal.SessionFactoryBuilderImpl.build(SessionFactoryBuilderImpl.java:450) ~[hibernate-core-6.4.1.Final.jar:6.4.1.Final]
	at org.hibernate.jpa.boot.internal.EntityManagerFactoryBuilderImpl.build(EntityManagerFactoryBuilderImpl.java:1507) ~[hibernate-core-6.4.1.Final.jar:6.4.1.Final]
	at org.springframework.orm.jpa.vendor.SpringHibernateJpaPersistenceProvider.createContainerEntityManagerFactory(SpringHibernateJpaPersistenceProvider.java:75) ~[spring-orm-6.1.2.jar:6.1.2]
	at org.springframework.orm.jpa.LocalContainerEntityManagerFactoryBean.createNativeEntityManagerFactory(LocalContainerEntityManagerFactoryBean.java:376) ~[spring-orm-6.1.2.jar:6.1.2]
	at org.springframework.orm.jpa.AbstractEntityManagerFactoryBean.buildNativeEntityManagerFactory(AbstractEntityManagerFactoryBean.java:409) ~[spring-orm-6.1.2.jar:6.1.2]
	at org.springframework.orm.jpa.AbstractEntityManagerFactoryBean.afterPropertiesSet(AbstractEntityManagerFactoryBean.java:396) ~[spring-orm-6.1.2.jar:6.1.2]
	at org.springframework.orm.jpa.LocalContainerEntityManagerFactoryBean.afterPropertiesSet(LocalContainerEntityManagerFactoryBean.java:352) ~[spring-orm-6.1.2.jar:6.1.2]
	at org.springframework.beans.factory.support.AbstractAutowireCapableBeanFactory.invokeInitMethods(AbstractAutowireCapableBeanFactory.java:1820) ~[spring-beans-6.1.2.jar:6.1.2]
	at org.springframework.beans.factory.support.AbstractAutowireCapableBeanFactory.initializeBean(AbstractAutowireCapableBeanFactory.java:1769) ~[spring-beans-6.1.2.jar:6.1.2]
	at org.springframework.beans.factory.support.AbstractAutowireCapableBeanFactory.doCreateBean(AbstractAutowireCapableBeanFactory.java:599) ~[spring-beans-6.1.2.jar:6.1.2]
	at org.springframework.beans.factory.support.AbstractAutowireCapableBeanFactory.createBean(AbstractAutowireCapableBeanFactory.java:521) ~[spring-beans-6.1.2.jar:6.1.2]
	at org.springframework.beans.factory.support.AbstractBeanFactory.lambda$doGetBean$0(AbstractBeanFactory.java:325) ~[spring-beans-6.1.2.jar:6.1.2]
	at org.springframework.beans.factory.support.DefaultSingletonBeanRegistry.getSingleton(DefaultSingletonBeanRegistry.java:234) ~[spring-beans-6.1.2.jar:6.1.2]
	at org.springframework.beans.factory.support.AbstractBeanFactory.doGetBean(AbstractBeanFactory.java:323) ~[spring-beans-6.1.2.jar:6.1.2]
	at org.springframework.beans.factory.support.AbstractBeanFactory.getBean(AbstractBeanFactory.java:199) ~[spring-beans-6.1.2.jar:6.1.2]
	at org.springframework.context.support.AbstractApplicationContext.getBean(AbstractApplicationContext.java:1232) ~[spring-context-6.1.2.jar:6.1.2]
	at org.springframework.context.support.AbstractApplicationContext.finishBeanFactoryInitialization(AbstractApplicationContext.java:950) ~[spring-context-6.1.2.jar:6.1.2]
	at org.springframework.context.support.AbstractApplicationContext.refresh(AbstractApplicationContext.java:625) ~[spring-context-6.1.2.jar:6.1.2]
	at org.springframework.boot.web.servlet.context.ServletWebServerApplicationContext.refresh(ServletWebServerApplicationContext.java:146) ~[spring-boot-3.2.1.jar:3.2.1]
	at org.springframework.boot.SpringApplication.refresh(SpringApplication.java:762) ~[spring-boot-3.2.1.jar:3.2.1]
	at org.springframework.boot.SpringApplication.refreshContext(SpringApplication.java:464) ~[spring-boot-3.2.1.jar:3.2.1]
	at org.springframework.boot.SpringApplication.run(SpringApplication.java:334) ~[spring-boot-3.2.1.jar:3.2.1]
	at org.springframework.boot.SpringApplication.run(SpringApplication.java:1358) ~[spring-boot-3.2.1.jar:3.2.1]
	at org.springframework.boot.SpringApplication.run(SpringApplication.java:1347) ~[spring-boot-3.2.1.jar:3.2.1]
	at com.grocerystore.billing.GroceryBillingApplication.main(GroceryBillingApplication.java:21) ~[classes/:na]
Caused by: org.h2.jdbc.JdbcSQLSyntaxErrorException: Index "IDX_STATUS" already exists; SQL statement:

    create index idx_status 
       on payments (s [42111-224]
	at org.h2.message.DbException.getJdbcSQLException(DbException.java:514) ~[h2-2.2.224.jar:2.2.224]
	at org.h2.message.DbException.getJdbcSQLException(DbException.java:489) ~[h2-2.2.224.jar:2.2.224]
	at org.h2.message.DbException.get(DbException.java:223) ~[h2-2.2.224.jar:2.2.224]
	at org.h2.message.DbException.get(DbException.java:199) ~[h2-2.2.224.jar:2.2.224]
	at org.h2.command.ddl.CreateIndex.update(CreateIndex.java:76) ~[h2-2.2.224.jar:2.2.224]
	at org.h2.command.CommandContainer.update(CommandContainer.java:169) ~[h2-2.2.224.jar:2.2.224]
	at org.h2.command.Command.executeUpdate(Command.java:256) ~[h2-2.2.224.jar:2.2.224]
	at org.h2.jdbc.JdbcStatement.executeInternal(JdbcStatement.java:262) ~[h2-2.2.224.jar:2.2.224]
	at org.h2.jdbc.JdbcStatement.execute(JdbcStatement.java:231) ~[h2-2.2.224.jar:2.2.224]
	at com.zaxxer.hikari.pool.ProxyStatement.execute(ProxyStatement.java:94) ~[HikariCP-5.0.1.jar:na]
	at com.zaxxer.hikari.pool.HikariProxyStatement.execute(HikariProxyStatement.java) ~[HikariCP-5.0.1.jar:na]
	at org.hibernate.tool.schema.internal.exec.GenerationTargetToDatabase.accept(GenerationTargetToDatabase.java:80) ~[hibernate-core-6.4.1.Final.jar:6.4.1.Final]
	... 40 common frames omitted

2026-03-14T12:38:19.237+05:30 DEBUG 924 --- [grocery-billing-system] [main] org.hibernate.SQL                        : 
    create index idx_reference_number 
       on payments (reference_number)
2026-03-14T12:38:19.284+05:30 DEBUG 924 --- [grocery-billing-system] [main] org.hibernate.SQL                        : 
    create index idx_sku 
       on products (sku)
2026-03-14T12:38:19.296+05:30 DEBUG 924 --- [grocery-billing-system] [main] org.hibernate.SQL                        : 
    create index idx_barcode 
       on products (barcode)
2026-03-14T12:38:19.300+05:30 DEBUG 924 --- [grocery-billing-system] [main] org.hibernate.SQL                        : 
    create index idx_category_id 
       on products (category_id)
2026-03-14T12:38:19.304+05:30 DEBUG 924 --- [grocery-billing-system] [main] org.hibernate.SQL                        : 
    create index idx_is_active 
       on products (is_active)
2026-03-14T12:38:19.307+05:30  WARN 924 --- [grocery-billing-system] [main] o.h.t.s.i.ExceptionHandlerLoggedImpl     : GenerationTarget encountered exception accepting command : Error executing DDL "
    create index idx_is_active 
       on products (is_active)" via JDBC [Index "IDX_IS_ACTIVE" already exists;]

org.hibernate.tool.schema.spi.CommandAcceptanceException: Error executing DDL "
    create index idx_is_active 
       on products (is_active)" via JDBC [Index "IDX_IS_ACTIVE" already exists;]
	at org.hibernate.tool.schema.internal.exec.GenerationTargetToDatabase.accept(GenerationTargetToDatabase.java:94) ~[hibernate-core-6.4.1.Final.jar:6.4.1.Final]
	at org.hibernate.tool.schema.internal.Helper.applySqlString(Helper.java:233) ~[hibernate-core-6.4.1.Final.jar:6.4.1.Final]
	at org.hibernate.tool.schema.internal.Helper.applySqlStrings(Helper.java:217) ~[hibernate-core-6.4.1.Final.jar:6.4.1.Final]
	at org.hibernate.tool.schema.internal.SchemaCreatorImpl.createTableConstraints(SchemaCreatorImpl.java:383) ~[hibernate-core-6.4.1.Final.jar:6.4.1.Final]
	at org.hibernate.tool.schema.internal.SchemaCreatorImpl.createSequencesTablesConstraints(SchemaCreatorImpl.java:351) ~[hibernate-core-6.4.1.Final.jar:6.4.1.Final]
	at org.hibernate.tool.schema.internal.SchemaCreatorImpl.createFromMetadata(SchemaCreatorImpl.java:239) ~[hibernate-core-6.4.1.Final.jar:6.4.1.Final]
	at org.hibernate.tool.schema.internal.SchemaCreatorImpl.performCreation(SchemaCreatorImpl.java:172) ~[hibernate-core-6.4.1.Final.jar:6.4.1.Final]
	at org.hibernate.tool.schema.internal.SchemaCreatorImpl.doCreation(SchemaCreatorImpl.java:142) ~[hibernate-core-6.4.1.Final.jar:6.4.1.Final]
	at org.hibernate.tool.schema.internal.SchemaCreatorImpl.doCreation(SchemaCreatorImpl.java:118) ~[hibernate-core-6.4.1.Final.jar:6.4.1.Final]
	at org.hibernate.tool.schema.spi.SchemaManagementToolCoordinator.performDatabaseAction(SchemaManagementToolCoordinator.java:256) ~[hibernate-core-6.4.1.Final.jar:6.4.1.Final]
	at org.hibernate.tool.schema.spi.SchemaManagementToolCoordinator.lambda$process$5(SchemaManagementToolCoordinator.java:145) ~[hibernate-core-6.4.1.Final.jar:6.4.1.Final]
	at java.base/java.util.HashMap.forEach(HashMap.java:1429) ~[na:na]
	at org.hibernate.tool.schema.spi.SchemaManagementToolCoordinator.process(SchemaManagementToolCoordinator.java:142) ~[hibernate-core-6.4.1.Final.jar:6.4.1.Final]
	at org.hibernate.boot.internal.SessionFactoryObserverForSchemaExport.sessionFactoryCreated(SessionFactoryObserverForSchemaExport.java:37) ~[hibernate-core-6.4.1.Final.jar:6.4.1.Final]
	at org.hibernate.internal.SessionFactoryObserverChain.sessionFactoryCreated(SessionFactoryObserverChain.java:35) ~[hibernate-core-6.4.1.Final.jar:6.4.1.Final]
	at org.hibernate.internal.SessionFactoryImpl.<init>(SessionFactoryImpl.java:315) ~[hibernate-core-6.4.1.Final.jar:6.4.1.Final]
	at org.hibernate.boot.internal.SessionFactoryBuilderImpl.build(SessionFactoryBuilderImpl.java:450) ~[hibernate-core-6.4.1.Final.jar:6.4.1.Final]
	at org.hibernate.jpa.boot.internal.EntityManagerFactoryBuilderImpl.build(EntityManagerFactoryBuilderImpl.java:1507) ~[hibernate-core-6.4.1.Final.jar:6.4.1.Final]
	at org.springframework.orm.jpa.vendor.SpringHibernateJpaPersistenceProvider.createContainerEntityManagerFactory(SpringHibernateJpaPersistenceProvider.java:75) ~[spring-orm-6.1.2.jar:6.1.2]
	at org.springframework.orm.jpa.LocalContainerEntityManagerFactoryBean.createNativeEntityManagerFactory(LocalContainerEntityManagerFactoryBean.java:376) ~[spring-orm-6.1.2.jar:6.1.2]
	at org.springframework.orm.jpa.AbstractEntityManagerFactoryBean.buildNativeEntityManagerFactory(AbstractEntityManagerFactoryBean.java:409) ~[spring-orm-6.1.2.jar:6.1.2]
	at org.springframework.orm.jpa.AbstractEntityManagerFactoryBean.afterPropertiesSet(AbstractEntityManagerFactoryBean.java:396) ~[spring-orm-6.1.2.jar:6.1.2]
	at org.springframework.orm.jpa.LocalContainerEntityManagerFactoryBean.afterPropertiesSet(LocalContainerEntityManagerFactoryBean.java:352) ~[spring-orm-6.1.2.jar:6.1.2]
	at org.springframework.beans.factory.support.AbstractAutowireCapableBeanFactory.invokeInitMethods(AbstractAutowireCapableBeanFactory.java:1820) ~[spring-beans-6.1.2.jar:6.1.2]
	at org.springframework.beans.factory.support.AbstractAutowireCapableBeanFactory.initializeBean(AbstractAutowireCapableBeanFactory.java:1769) ~[spring-beans-6.1.2.jar:6.1.2]
	at org.springframework.beans.factory.support.AbstractAutowireCapableBeanFactory.doCreateBean(AbstractAutowireCapableBeanFactory.java:599) ~[spring-beans-6.1.2.jar:6.1.2]
	at org.springframework.beans.factory.support.AbstractAutowireCapableBeanFactory.createBean(AbstractAutowireCapableBeanFactory.java:521) ~[spring-beans-6.1.2.jar:6.1.2]
	at org.springframework.beans.factory.support.AbstractBeanFactory.lambda$doGetBean$0(AbstractBeanFactory.java:325) ~[spring-beans-6.1.2.jar:6.1.2]
	at org.springframework.beans.factory.support.DefaultSingletonBeanRegistry.getSingleton(DefaultSingletonBeanRegistry.java:234) ~[spring-beans-6.1.2.jar:6.1.2]
	at org.springframework.beans.factory.support.AbstractBeanFactory.doGetBean(AbstractBeanFactory.java:323) ~[spring-beans-6.1.2.jar:6.1.2]
	at org.springframework.beans.factory.support.AbstractBeanFactory.getBean(AbstractBeanFactory.java:199) ~[spring-beans-6.1.2.jar:6.1.2]
	at org.springframework.context.support.AbstractApplicationContext.getBean(AbstractApplicationContext.java:1232) ~[spring-context-6.1.2.jar:6.1.2]
	at org.springframework.context.support.AbstractApplicationContext.finishBeanFactoryInitialization(AbstractApplicationContext.java:950) ~[spring-context-6.1.2.jar:6.1.2]
	at org.springframework.context.support.AbstractApplicationContext.refresh(AbstractApplicationContext.java:625) ~[spring-context-6.1.2.jar:6.1.2]
	at org.springframework.boot.web.servlet.context.ServletWebServerApplicationContext.refresh(ServletWebServerApplicationContext.java:146) ~[spring-boot-3.2.1.jar:3.2.1]
	at org.springframework.boot.SpringApplication.refresh(SpringApplication.java:762) ~[spring-boot-3.2.1.jar:3.2.1]
	at org.springframework.boot.SpringApplication.refreshContext(SpringApplication.java:464) ~[spring-boot-3.2.1.jar:3.2.1]
	at org.springframework.boot.SpringApplication.run(SpringApplication.java:334) ~[spring-boot-3.2.1.jar:3.2.1]
	at org.springframework.boot.SpringApplication.run(SpringApplication.java:1358) ~[spring-boot-3.2.1.jar:3.2.1]
	at org.springframework.boot.SpringApplication.run(SpringApplication.java:1347) ~[spring-boot-3.2.1.jar:3.2.1]
	at com.grocerystore.billing.GroceryBillingApplication.main(GroceryBillingApplication.java:21) ~[classes/:na]
Caused by: org.h2.jdbc.JdbcSQLSyntaxErrorException: Index "IDX_IS_ACTIVE" already exists; SQL statement:

    create index idx_is_active 
       on products (is_a [42111-224]
	at org.h2.message.DbException.getJdbcSQLException(DbException.java:514) ~[h2-2.2.224.jar:2.2.224]
	at org.h2.message.DbException.getJdbcSQLException(DbException.java:489) ~[h2-2.2.224.jar:2.2.224]
	at org.h2.message.DbException.get(DbException.java:223) ~[h2-2.2.224.jar:2.2.224]
	at org.h2.message.DbException.get(DbException.java:199) ~[h2-2.2.224.jar:2.2.224]
	at org.h2.command.ddl.CreateIndex.update(CreateIndex.java:76) ~[h2-2.2.224.jar:2.2.224]
	at org.h2.command.CommandContainer.update(CommandContainer.java:169) ~[h2-2.2.224.jar:2.2.224]
	at org.h2.command.Command.executeUpdate(Command.java:256) ~[h2-2.2.224.jar:2.2.224]
	at org.h2.jdbc.JdbcStatement.executeInternal(JdbcStatement.java:262) ~[h2-2.2.224.jar:2.2.224]
	at org.h2.jdbc.JdbcStatement.execute(JdbcStatement.java:231) ~[h2-2.2.224.jar:2.2.224]
	at com.zaxxer.hikari.pool.ProxyStatement.execute(ProxyStatement.java:94) ~[HikariCP-5.0.1.jar:na]
	at com.zaxxer.hikari.pool.HikariProxyStatement.execute(HikariProxyStatement.java) ~[HikariCP-5.0.1.jar:na]
	at org.hibernate.tool.schema.internal.exec.GenerationTargetToDatabase.accept(GenerationTargetToDatabase.java:80) ~[hibernate-core-6.4.1.Final.jar:6.4.1.Final]
	... 40 common frames omitted

2026-03-14T12:38:19.371+05:30 DEBUG 924 --- [grocery-billing-system] [main] org.hibernate.SQL                        : 
    create index idx_name 
       on suppliers (name)
2026-03-14T12:38:19.372+05:30  WARN 924 --- [grocery-billing-system] [main] o.h.t.s.i.ExceptionHandlerLoggedImpl     : GenerationTarget encountered exception accepting command : Error executing DDL "
    create index idx_name 
       on suppliers (name)" via JDBC [Index "IDX_NAME" already exists;]

org.hibernate.tool.schema.spi.CommandAcceptanceException: Error executing DDL "
    create index idx_name 
       on suppliers (name)" via JDBC [Index "IDX_NAME" already exists;]
	at org.hibernate.tool.schema.internal.exec.GenerationTargetToDatabase.accept(GenerationTargetToDatabase.java:94) ~[hibernate-core-6.4.1.Final.jar:6.4.1.Final]
	at org.hibernate.tool.schema.internal.Helper.applySqlString(Helper.java:233) ~[hibernate-core-6.4.1.Final.jar:6.4.1.Final]
	at org.hibernate.tool.schema.internal.Helper.applySqlStrings(Helper.java:217) ~[hibernate-core-6.4.1.Final.jar:6.4.1.Final]
	at org.hibernate.tool.schema.internal.SchemaCreatorImpl.createTableConstraints(SchemaCreatorImpl.java:383) ~[hibernate-core-6.4.1.Final.jar:6.4.1.Final]
	at org.hibernate.tool.schema.internal.SchemaCreatorImpl.createSequencesTablesConstraints(SchemaCreatorImpl.java:351) ~[hibernate-core-6.4.1.Final.jar:6.4.1.Final]
	at org.hibernate.tool.schema.internal.SchemaCreatorImpl.createFromMetadata(SchemaCreatorImpl.java:239) ~[hibernate-core-6.4.1.Final.jar:6.4.1.Final]
	at org.hibernate.tool.schema.internal.SchemaCreatorImpl.performCreation(SchemaCreatorImpl.java:172) ~[hibernate-core-6.4.1.Final.jar:6.4.1.Final]
	at org.hibernate.tool.schema.internal.SchemaCreatorImpl.doCreation(SchemaCreatorImpl.java:142) ~[hibernate-core-6.4.1.Final.jar:6.4.1.Final]
	at org.hibernate.tool.schema.internal.SchemaCreatorImpl.doCreation(SchemaCreatorImpl.java:118) ~[hibernate-core-6.4.1.Final.jar:6.4.1.Final]
	at org.hibernate.tool.schema.spi.SchemaManagementToolCoordinator.performDatabaseAction(SchemaManagementToolCoordinator.java:256) ~[hibernate-core-6.4.1.Final.jar:6.4.1.Final]
	at org.hibernate.tool.schema.spi.SchemaManagementToolCoordinator.lambda$process$5(SchemaManagementToolCoordinator.java:145) ~[hibernate-core-6.4.1.Final.jar:6.4.1.Final]
	at java.base/java.util.HashMap.forEach(HashMap.java:1429) ~[na:na]
	at org.hibernate.tool.schema.spi.SchemaManagementToolCoordinator.process(SchemaManagementToolCoordinator.java:142) ~[hibernate-core-6.4.1.Final.jar:6.4.1.Final]
	at org.hibernate.boot.internal.SessionFactoryObserverForSchemaExport.sessionFactoryCreated(SessionFactoryObserverForSchemaExport.java:37) ~[hibernate-core-6.4.1.Final.jar:6.4.1.Final]
	at org.hibernate.internal.SessionFactoryObserverChain.sessionFactoryCreated(SessionFactoryObserverChain.java:35) ~[hibernate-core-6.4.1.Final.jar:6.4.1.Final]
	at org.hibernate.internal.SessionFactoryImpl.<init>(SessionFactoryImpl.java:315) ~[hibernate-core-6.4.1.Final.jar:6.4.1.Final]
	at org.hibernate.boot.internal.SessionFactoryBuilderImpl.build(SessionFactoryBuilderImpl.java:450) ~[hibernate-core-6.4.1.Final.jar:6.4.1.Final]
	at org.hibernate.jpa.boot.internal.EntityManagerFactoryBuilderImpl.build(EntityManagerFactoryBuilderImpl.java:1507) ~[hibernate-core-6.4.1.Final.jar:6.4.1.Final]
	at org.springframework.orm.jpa.vendor.SpringHibernateJpaPersistenceProvider.createContainerEntityManagerFactory(SpringHibernateJpaPersistenceProvider.java:75) ~[spring-orm-6.1.2.jar:6.1.2]
	at org.springframework.orm.jpa.LocalContainerEntityManagerFactoryBean.createNativeEntityManagerFactory(LocalContainerEntityManagerFactoryBean.java:376) ~[spring-orm-6.1.2.jar:6.1.2]
	at org.springframework.orm.jpa.AbstractEntityManagerFactoryBean.buildNativeEntityManagerFactory(AbstractEntityManagerFactoryBean.java:409) ~[spring-orm-6.1.2.jar:6.1.2]
	at org.springframework.orm.jpa.AbstractEntityManagerFactoryBean.afterPropertiesSet(AbstractEntityManagerFactoryBean.java:396) ~[spring-orm-6.1.2.jar:6.1.2]
	at org.springframework.orm.jpa.LocalContainerEntityManagerFactoryBean.afterPropertiesSet(LocalContainerEntityManagerFactoryBean.java:352) ~[spring-orm-6.1.2.jar:6.1.2]
	at org.springframework.beans.factory.support.AbstractAutowireCapableBeanFactory.invokeInitMethods(AbstractAutowireCapableBeanFactory.java:1820) ~[spring-beans-6.1.2.jar:6.1.2]
	at org.springframework.beans.factory.support.AbstractAutowireCapableBeanFactory.initializeBean(AbstractAutowireCapableBeanFactory.java:1769) ~[spring-beans-6.1.2.jar:6.1.2]
	at org.springframework.beans.factory.support.AbstractAutowireCapableBeanFactory.doCreateBean(AbstractAutowireCapableBeanFactory.java:599) ~[spring-beans-6.1.2.jar:6.1.2]
	at org.springframework.beans.factory.support.AbstractAutowireCapableBeanFactory.createBean(AbstractAutowireCapableBeanFactory.java:521) ~[spring-beans-6.1.2.jar:6.1.2]
	at org.springframework.beans.factory.support.AbstractBeanFactory.lambda$doGetBean$0(AbstractBeanFactory.java:325) ~[spring-beans-6.1.2.jar:6.1.2]
	at org.springframework.beans.factory.support.DefaultSingletonBeanRegistry.getSingleton(DefaultSingletonBeanRegistry.java:234) ~[spring-beans-6.1.2.jar:6.1.2]
	at org.springframework.beans.factory.support.AbstractBeanFactory.doGetBean(AbstractBeanFactory.java:323) ~[spring-beans-6.1.2.jar:6.1.2]
	at org.springframework.beans.factory.support.AbstractBeanFactory.getBean(AbstractBeanFactory.java:199) ~[spring-beans-6.1.2.jar:6.1.2]
	at org.springframework.context.support.AbstractApplicationContext.getBean(AbstractApplicationContext.java:1232) ~[spring-context-6.1.2.jar:6.1.2]
	at org.springframework.context.support.AbstractApplicationContext.finishBeanFactoryInitialization(AbstractApplicationContext.java:950) ~[spring-context-6.1.2.jar:6.1.2]
	at org.springframework.context.support.AbstractApplicationContext.refresh(AbstractApplicationContext.java:625) ~[spring-context-6.1.2.jar:6.1.2]
	at org.springframework.boot.web.servlet.context.ServletWebServerApplicationContext.refresh(ServletWebServerApplicationContext.java:146) ~[spring-boot-3.2.1.jar:3.2.1]
	at org.springframework.boot.SpringApplication.refresh(SpringApplication.java:762) ~[spring-boot-3.2.1.jar:3.2.1]
	at org.springframework.boot.SpringApplication.refreshContext(SpringApplication.java:464) ~[spring-boot-3.2.1.jar:3.2.1]
	at org.springframework.boot.SpringApplication.run(SpringApplication.java:334) ~[spring-boot-3.2.1.jar:3.2.1]
	at org.springframework.boot.SpringApplication.run(SpringApplication.java:1358) ~[spring-boot-3.2.1.jar:3.2.1]
	at org.springframework.boot.SpringApplication.run(SpringApplication.java:1347) ~[spring-boot-3.2.1.jar:3.2.1]
	at com.grocerystore.billing.GroceryBillingApplication.main(GroceryBillingApplication.java:21) ~[classes/:na]
Caused by: org.h2.jdbc.JdbcSQLSyntaxErrorException: Index "IDX_NAME" already exists; SQL statement:

    create index idx_name 
       on suppliers  [42111-224]
	at org.h2.message.DbException.getJdbcSQLException(DbException.java:514) ~[h2-2.2.224.jar:2.2.224]
	at org.h2.message.DbException.getJdbcSQLException(DbException.java:489) ~[h2-2.2.224.jar:2.2.224]
	at org.h2.message.DbException.get(DbException.java:223) ~[h2-2.2.224.jar:2.2.224]
	at org.h2.message.DbException.get(DbException.java:199) ~[h2-2.2.224.jar:2.2.224]
	at org.h2.command.ddl.CreateIndex.update(CreateIndex.java:76) ~[h2-2.2.224.jar:2.2.224]
	at org.h2.command.CommandContainer.update(CommandContainer.java:169) ~[h2-2.2.224.jar:2.2.224]
	at org.h2.command.Command.executeUpdate(Command.java:256) ~[h2-2.2.224.jar:2.2.224]
	at org.h2.jdbc.JdbcStatement.executeInternal(JdbcStatement.java:262) ~[h2-2.2.224.jar:2.2.224]
	at org.h2.jdbc.JdbcStatement.execute(JdbcStatement.java:231) ~[h2-2.2.224.jar:2.2.224]
	at com.zaxxer.hikari.pool.ProxyStatement.execute(ProxyStatement.java:94) ~[HikariCP-5.0.1.jar:na]
	at com.zaxxer.hikari.pool.HikariProxyStatement.execute(HikariProxyStatement.java) ~[HikariCP-5.0.1.jar:na]
	at org.hibernate.tool.schema.internal.exec.GenerationTargetToDatabase.accept(GenerationTargetToDatabase.java:80) ~[hibernate-core-6.4.1.Final.jar:6.4.1.Final]
	... 40 common frames omitted

2026-03-14T12:38:19.402+05:30 DEBUG 924 --- [grocery-billing-system] [main] org.hibernate.SQL                        : 
    create index idx_is_active 
       on suppliers (is_active)
2026-03-14T12:38:19.403+05:30  WARN 924 --- [grocery-billing-system] [main] o.h.t.s.i.ExceptionHandlerLoggedImpl     : GenerationTarget encountered exception accepting command : Error executing DDL "
    create index idx_is_active 
       on suppliers (is_active)" via JDBC [Index "IDX_IS_ACTIVE" already exists;]

org.hibernate.tool.schema.spi.CommandAcceptanceException: Error executing DDL "
    create index idx_is_active 
       on suppliers (is_active)" via JDBC [Index "IDX_IS_ACTIVE" already exists;]
	at org.hibernate.tool.schema.internal.exec.GenerationTargetToDatabase.accept(GenerationTargetToDatabase.java:94) ~[hibernate-core-6.4.1.Final.jar:6.4.1.Final]
	at org.hibernate.tool.schema.internal.Helper.applySqlString(Helper.java:233) ~[hibernate-core-6.4.1.Final.jar:6.4.1.Final]
	at org.hibernate.tool.schema.internal.Helper.applySqlStrings(Helper.java:217) ~[hibernate-core-6.4.1.Final.jar:6.4.1.Final]
	at org.hibernate.tool.schema.internal.SchemaCreatorImpl.createTableConstraints(SchemaCreatorImpl.java:383) ~[hibernate-core-6.4.1.Final.jar:6.4.1.Final]
	at org.hibernate.tool.schema.internal.SchemaCreatorImpl.createSequencesTablesConstraints(SchemaCreatorImpl.java:351) ~[hibernate-core-6.4.1.Final.jar:6.4.1.Final]
	at org.hibernate.tool.schema.internal.SchemaCreatorImpl.createFromMetadata(SchemaCreatorImpl.java:239) ~[hibernate-core-6.4.1.Final.jar:6.4.1.Final]
	at org.hibernate.tool.schema.internal.SchemaCreatorImpl.performCreation(SchemaCreatorImpl.java:172) ~[hibernate-core-6.4.1.Final.jar:6.4.1.Final]
	at org.hibernate.tool.schema.internal.SchemaCreatorImpl.doCreation(SchemaCreatorImpl.java:142) ~[hibernate-core-6.4.1.Final.jar:6.4.1.Final]
	at org.hibernate.tool.schema.internal.SchemaCreatorImpl.doCreation(SchemaCreatorImpl.java:118) ~[hibernate-core-6.4.1.Final.jar:6.4.1.Final]
	at org.hibernate.tool.schema.spi.SchemaManagementToolCoordinator.performDatabaseAction(SchemaManagementToolCoordinator.java:256) ~[hibernate-core-6.4.1.Final.jar:6.4.1.Final]
	at org.hibernate.tool.schema.spi.SchemaManagementToolCoordinator.lambda$process$5(SchemaManagementToolCoordinator.java:145) ~[hibernate-core-6.4.1.Final.jar:6.4.1.Final]
	at java.base/java.util.HashMap.forEach(HashMap.java:1429) ~[na:na]
	at org.hibernate.tool.schema.spi.SchemaManagementToolCoordinator.process(SchemaManagementToolCoordinator.java:142) ~[hibernate-core-6.4.1.Final.jar:6.4.1.Final]
	at org.hibernate.boot.internal.SessionFactoryObserverForSchemaExport.sessionFactoryCreated(SessionFactoryObserverForSchemaExport.java:37) ~[hibernate-core-6.4.1.Final.jar:6.4.1.Final]
	at org.hibernate.internal.SessionFactoryObserverChain.sessionFactoryCreated(SessionFactoryObserverChain.java:35) ~[hibernate-core-6.4.1.Final.jar:6.4.1.Final]
	at org.hibernate.internal.SessionFactoryImpl.<init>(SessionFactoryImpl.java:315) ~[hibernate-core-6.4.1.Final.jar:6.4.1.Final]
	at org.hibernate.boot.internal.SessionFactoryBuilderImpl.build(SessionFactoryBuilderImpl.java:450) ~[hibernate-core-6.4.1.Final.jar:6.4.1.Final]
	at org.hibernate.jpa.boot.internal.EntityManagerFactoryBuilderImpl.build(EntityManagerFactoryBuilderImpl.java:1507) ~[hibernate-core-6.4.1.Final.jar:6.4.1.Final]
	at org.springframework.orm.jpa.vendor.SpringHibernateJpaPersistenceProvider.createContainerEntityManagerFactory(SpringHibernateJpaPersistenceProvider.java:75) ~[spring-orm-6.1.2.jar:6.1.2]
	at org.springframework.orm.jpa.LocalContainerEntityManagerFactoryBean.createNativeEntityManagerFactory(LocalContainerEntityManagerFactoryBean.java:376) ~[spring-orm-6.1.2.jar:6.1.2]
	at org.springframework.orm.jpa.AbstractEntityManagerFactoryBean.buildNativeEntityManagerFactory(AbstractEntityManagerFactoryBean.java:409) ~[spring-orm-6.1.2.jar:6.1.2]
	at org.springframework.orm.jpa.AbstractEntityManagerFactoryBean.afterPropertiesSet(AbstractEntityManagerFactoryBean.java:396) ~[spring-orm-6.1.2.jar:6.1.2]
	at org.springframework.orm.jpa.LocalContainerEntityManagerFactoryBean.afterPropertiesSet(LocalContainerEntityManagerFactoryBean.java:352) ~[spring-orm-6.1.2.jar:6.1.2]
	at org.springframework.beans.factory.support.AbstractAutowireCapableBeanFactory.invokeInitMethods(AbstractAutowireCapableBeanFactory.java:1820) ~[spring-beans-6.1.2.jar:6.1.2]
	at org.springframework.beans.factory.support.AbstractAutowireCapableBeanFactory.initializeBean(AbstractAutowireCapableBeanFactory.java:1769) ~[spring-beans-6.1.2.jar:6.1.2]
	at org.springframework.beans.factory.support.AbstractAutowireCapableBeanFactory.doCreateBean(AbstractAutowireCapableBeanFactory.java:599) ~[spring-beans-6.1.2.jar:6.1.2]
	at org.springframework.beans.factory.support.AbstractAutowireCapableBeanFactory.createBean(AbstractAutowireCapableBeanFactory.java:521) ~[spring-beans-6.1.2.jar:6.1.2]
	at org.springframework.beans.factory.support.AbstractBeanFactory.lambda$doGetBean$0(AbstractBeanFactory.java:325) ~[spring-beans-6.1.2.jar:6.1.2]
	at org.springframework.beans.factory.support.DefaultSingletonBeanRegistry.getSingleton(DefaultSingletonBeanRegistry.java:234) ~[spring-beans-6.1.2.jar:6.1.2]
	at org.springframework.beans.factory.support.AbstractBeanFactory.doGetBean(AbstractBeanFactory.java:323) ~[spring-beans-6.1.2.jar:6.1.2]
	at org.springframework.beans.factory.support.AbstractBeanFactory.getBean(AbstractBeanFactory.java:199) ~[spring-beans-6.1.2.jar:6.1.2]
	at org.springframework.context.support.AbstractApplicationContext.getBean(AbstractApplicationContext.java:1232) ~[spring-context-6.1.2.jar:6.1.2]
	at org.springframework.context.support.AbstractApplicationContext.finishBeanFactoryInitialization(AbstractApplicationContext.java:950) ~[spring-context-6.1.2.jar:6.1.2]
	at org.springframework.context.support.AbstractApplicationContext.refresh(AbstractApplicationContext.java:625) ~[spring-context-6.1.2.jar:6.1.2]
	at org.springframework.boot.web.servlet.context.ServletWebServerApplicationContext.refresh(ServletWebServerApplicationContext.java:146) ~[spring-boot-3.2.1.jar:3.2.1]
	at org.springframework.boot.SpringApplication.refresh(SpringApplication.java:762) ~[spring-boot-3.2.1.jar:3.2.1]
	at org.springframework.boot.SpringApplication.refreshContext(SpringApplication.java:464) ~[spring-boot-3.2.1.jar:3.2.1]
	at org.springframework.boot.SpringApplication.run(SpringApplication.java:334) ~[spring-boot-3.2.1.jar:3.2.1]
	at org.springframework.boot.SpringApplication.run(SpringApplication.java:1358) ~[spring-boot-3.2.1.jar:3.2.1]
	at org.springframework.boot.SpringApplication.run(SpringApplication.java:1347) ~[spring-boot-3.2.1.jar:3.2.1]
	at com.grocerystore.billing.GroceryBillingApplication.main(GroceryBillingApplication.java:21) ~[classes/:na]
Caused by: org.h2.jdbc.JdbcSQLSyntaxErrorException: Index "IDX_IS_ACTIVE" already exists; SQL statement:

    create index idx_is_active 
       on suppliers (is_a [42111-224]
	at org.h2.message.DbException.getJdbcSQLException(DbException.java:514) ~[h2-2.2.224.jar:2.2.224]
	at org.h2.message.DbException.getJdbcSQLException(DbException.java:489) ~[h2-2.2.224.jar:2.2.224]
	at org.h2.message.DbException.get(DbException.java:223) ~[h2-2.2.224.jar:2.2.224]
	at org.h2.message.DbException.get(DbException.java:199) ~[h2-2.2.224.jar:2.2.224]
	at org.h2.command.ddl.CreateIndex.update(CreateIndex.java:76) ~[h2-2.2.224.jar:2.2.224]
	at org.h2.command.CommandContainer.update(CommandContainer.java:169) ~[h2-2.2.224.jar:2.2.224]
	at org.h2.command.Command.executeUpdate(Command.java:256) ~[h2-2.2.224.jar:2.2.224]
	at org.h2.jdbc.JdbcStatement.executeInternal(JdbcStatement.java:262) ~[h2-2.2.224.jar:2.2.224]
	at org.h2.jdbc.JdbcStatement.execute(JdbcStatement.java:231) ~[h2-2.2.224.jar:2.2.224]
	at com.zaxxer.hikari.pool.ProxyStatement.execute(ProxyStatement.java:94) ~[HikariCP-5.0.1.jar:na]
	at com.zaxxer.hikari.pool.HikariProxyStatement.execute(HikariProxyStatement.java) ~[HikariCP-5.0.1.jar:na]
	at org.hibernate.tool.schema.internal.exec.GenerationTargetToDatabase.accept(GenerationTargetToDatabase.java:80) ~[hibernate-core-6.4.1.Final.jar:6.4.1.Final]
	... 40 common frames omitted

2026-03-14T12:38:19.427+05:30 DEBUG 924 --- [grocery-billing-system] [main] org.hibernate.SQL                        : 
    create index idx_city 
       on suppliers (city)
2026-03-14T12:38:19.429+05:30 DEBUG 924 --- [grocery-billing-system] [main] org.hibernate.SQL                        : 
    create index idx_username 
       on users (username)
2026-03-14T12:38:19.435+05:30 DEBUG 924 --- [grocery-billing-system] [main] org.hibernate.SQL                        : 
    create index idx_email 
       on users (email)
2026-03-14T12:38:19.436+05:30  WARN 924 --- [grocery-billing-system] [main] o.h.t.s.i.ExceptionHandlerLoggedImpl     : GenerationTarget encountered exception accepting command : Error executing DDL "
    create index idx_email 
       on users (email)" via JDBC [Index "IDX_EMAIL" already exists;]

org.hibernate.tool.schema.spi.CommandAcceptanceException: Error executing DDL "
    create index idx_email 
       on users (email)" via JDBC [Index "IDX_EMAIL" already exists;]
	at org.hibernate.tool.schema.internal.exec.GenerationTargetToDatabase.accept(GenerationTargetToDatabase.java:94) ~[hibernate-core-6.4.1.Final.jar:6.4.1.Final]
	at org.hibernate.tool.schema.internal.Helper.applySqlString(Helper.java:233) ~[hibernate-core-6.4.1.Final.jar:6.4.1.Final]
	at org.hibernate.tool.schema.internal.Helper.applySqlStrings(Helper.java:217) ~[hibernate-core-6.4.1.Final.jar:6.4.1.Final]
	at org.hibernate.tool.schema.internal.SchemaCreatorImpl.createTableConstraints(SchemaCreatorImpl.java:383) ~[hibernate-core-6.4.1.Final.jar:6.4.1.Final]
	at org.hibernate.tool.schema.internal.SchemaCreatorImpl.createSequencesTablesConstraints(SchemaCreatorImpl.java:351) ~[hibernate-core-6.4.1.Final.jar:6.4.1.Final]
	at org.hibernate.tool.schema.internal.SchemaCreatorImpl.createFromMetadata(SchemaCreatorImpl.java:239) ~[hibernate-core-6.4.1.Final.jar:6.4.1.Final]
	at org.hibernate.tool.schema.internal.SchemaCreatorImpl.performCreation(SchemaCreatorImpl.java:172) ~[hibernate-core-6.4.1.Final.jar:6.4.1.Final]
	at org.hibernate.tool.schema.internal.SchemaCreatorImpl.doCreation(SchemaCreatorImpl.java:142) ~[hibernate-core-6.4.1.Final.jar:6.4.1.Final]
	at org.hibernate.tool.schema.internal.SchemaCreatorImpl.doCreation(SchemaCreatorImpl.java:118) ~[hibernate-core-6.4.1.Final.jar:6.4.1.Final]
	at org.hibernate.tool.schema.spi.SchemaManagementToolCoordinator.performDatabaseAction(SchemaManagementToolCoordinator.java:256) ~[hibernate-core-6.4.1.Final.jar:6.4.1.Final]
	at org.hibernate.tool.schema.spi.SchemaManagementToolCoordinator.lambda$process$5(SchemaManagementToolCoordinator.java:145) ~[hibernate-core-6.4.1.Final.jar:6.4.1.Final]
	at java.base/java.util.HashMap.forEach(HashMap.java:1429) ~[na:na]
	at org.hibernate.tool.schema.spi.SchemaManagementToolCoordinator.process(SchemaManagementToolCoordinator.java:142) ~[hibernate-core-6.4.1.Final.jar:6.4.1.Final]
	at org.hibernate.boot.internal.SessionFactoryObserverForSchemaExport.sessionFactoryCreated(SessionFactoryObserverForSchemaExport.java:37) ~[hibernate-core-6.4.1.Final.jar:6.4.1.Final]
	at org.hibernate.internal.SessionFactoryObserverChain.sessionFactoryCreated(SessionFactoryObserverChain.java:35) ~[hibernate-core-6.4.1.Final.jar:6.4.1.Final]
	at org.hibernate.internal.SessionFactoryImpl.<init>(SessionFactoryImpl.java:315) ~[hibernate-core-6.4.1.Final.jar:6.4.1.Final]
	at org.hibernate.boot.internal.SessionFactoryBuilderImpl.build(SessionFactoryBuilderImpl.java:450) ~[hibernate-core-6.4.1.Final.jar:6.4.1.Final]
	at org.hibernate.jpa.boot.internal.EntityManagerFactoryBuilderImpl.build(EntityManagerFactoryBuilderImpl.java:1507) ~[hibernate-core-6.4.1.Final.jar:6.4.1.Final]
	at org.springframework.orm.jpa.vendor.SpringHibernateJpaPersistenceProvider.createContainerEntityManagerFactory(SpringHibernateJpaPersistenceProvider.java:75) ~[spring-orm-6.1.2.jar:6.1.2]
	at org.springframework.orm.jpa.LocalContainerEntityManagerFactoryBean.createNativeEntityManagerFactory(LocalContainerEntityManagerFactoryBean.java:376) ~[spring-orm-6.1.2.jar:6.1.2]
	at org.springframework.orm.jpa.AbstractEntityManagerFactoryBean.buildNativeEntityManagerFactory(AbstractEntityManagerFactoryBean.java:409) ~[spring-orm-6.1.2.jar:6.1.2]
	at org.springframework.orm.jpa.AbstractEntityManagerFactoryBean.afterPropertiesSet(AbstractEntityManagerFactoryBean.java:396) ~[spring-orm-6.1.2.jar:6.1.2]
	at org.springframework.orm.jpa.LocalContainerEntityManagerFactoryBean.afterPropertiesSet(LocalContainerEntityManagerFactoryBean.java:352) ~[spring-orm-6.1.2.jar:6.1.2]
	at org.springframework.beans.factory.support.AbstractAutowireCapableBeanFactory.invokeInitMethods(AbstractAutowireCapableBeanFactory.java:1820) ~[spring-beans-6.1.2.jar:6.1.2]
	at org.springframework.beans.factory.support.AbstractAutowireCapableBeanFactory.initializeBean(AbstractAutowireCapableBeanFactory.java:1769) ~[spring-beans-6.1.2.jar:6.1.2]
	at org.springframework.beans.factory.support.AbstractAutowireCapableBeanFactory.doCreateBean(AbstractAutowireCapableBeanFactory.java:599) ~[spring-beans-6.1.2.jar:6.1.2]
	at org.springframework.beans.factory.support.AbstractAutowireCapableBeanFactory.createBean(AbstractAutowireCapableBeanFactory.java:521) ~[spring-beans-6.1.2.jar:6.1.2]
	at org.springframework.beans.factory.support.AbstractBeanFactory.lambda$doGetBean$0(AbstractBeanFactory.java:325) ~[spring-beans-6.1.2.jar:6.1.2]
	at org.springframework.beans.factory.support.DefaultSingletonBeanRegistry.getSingleton(DefaultSingletonBeanRegistry.java:234) ~[spring-beans-6.1.2.jar:6.1.2]
	at org.springframework.beans.factory.support.AbstractBeanFactory.doGetBean(AbstractBeanFactory.java:323) ~[spring-beans-6.1.2.jar:6.1.2]
	at org.springframework.beans.factory.support.AbstractBeanFactory.getBean(AbstractBeanFactory.java:199) ~[spring-beans-6.1.2.jar:6.1.2]
	at org.springframework.context.support.AbstractApplicationContext.getBean(AbstractApplicationContext.java:1232) ~[spring-context-6.1.2.jar:6.1.2]
	at org.springframework.context.support.AbstractApplicationContext.finishBeanFactoryInitialization(AbstractApplicationContext.java:950) ~[spring-context-6.1.2.jar:6.1.2]
	at org.springframework.context.support.AbstractApplicationContext.refresh(AbstractApplicationContext.java:625) ~[spring-context-6.1.2.jar:6.1.2]
	at org.springframework.boot.web.servlet.context.ServletWebServerApplicationContext.refresh(ServletWebServerApplicationContext.java:146) ~[spring-boot-3.2.1.jar:3.2.1]
	at org.springframework.boot.SpringApplication.refresh(SpringApplication.java:762) ~[spring-boot-3.2.1.jar:3.2.1]
	at org.springframework.boot.SpringApplication.refreshContext(SpringApplication.java:464) ~[spring-boot-3.2.1.jar:3.2.1]
	at org.springframework.boot.SpringApplication.run(SpringApplication.java:334) ~[spring-boot-3.2.1.jar:3.2.1]
	at org.springframework.boot.SpringApplication.run(SpringApplication.java:1358) ~[spring-boot-3.2.1.jar:3.2.1]
	at org.springframework.boot.SpringApplication.run(SpringApplication.java:1347) ~[spring-boot-3.2.1.jar:3.2.1]
	at com.grocerystore.billing.GroceryBillingApplication.main(GroceryBillingApplication.java:21) ~[classes/:na]
Caused by: org.h2.jdbc.JdbcSQLSyntaxErrorException: Index "IDX_EMAIL" already exists; SQL statement:

    create index idx_email 
       on users ( [42111-224]
	at org.h2.message.DbException.getJdbcSQLException(DbException.java:514) ~[h2-2.2.224.jar:2.2.224]
	at org.h2.message.DbException.getJdbcSQLException(DbException.java:489) ~[h2-2.2.224.jar:2.2.224]
	at org.h2.message.DbException.get(DbException.java:223) ~[h2-2.2.224.jar:2.2.224]
	at org.h2.message.DbException.get(DbException.java:199) ~[h2-2.2.224.jar:2.2.224]
	at org.h2.command.ddl.CreateIndex.update(CreateIndex.java:76) ~[h2-2.2.224.jar:2.2.224]
	at org.h2.command.CommandContainer.update(CommandContainer.java:169) ~[h2-2.2.224.jar:2.2.224]
	at org.h2.command.Command.executeUpdate(Command.java:256) ~[h2-2.2.224.jar:2.2.224]
	at org.h2.jdbc.JdbcStatement.executeInternal(JdbcStatement.java:262) ~[h2-2.2.224.jar:2.2.224]
	at org.h2.jdbc.JdbcStatement.execute(JdbcStatement.java:231) ~[h2-2.2.224.jar:2.2.224]
	at com.zaxxer.hikari.pool.ProxyStatement.execute(ProxyStatement.java:94) ~[HikariCP-5.0.1.jar:na]
	at com.zaxxer.hikari.pool.HikariProxyStatement.execute(HikariProxyStatement.java) ~[HikariCP-5.0.1.jar:na]
	at org.hibernate.tool.schema.internal.exec.GenerationTargetToDatabase.accept(GenerationTargetToDatabase.java:80) ~[hibernate-core-6.4.1.Final.jar:6.4.1.Final]
	... 40 common frames omitted

2026-03-14T12:38:19.460+05:30 DEBUG 924 --- [grocery-billing-system] [main] org.hibernate.SQL                        : 
    create index idx_role 
       on users (role)
2026-03-14T12:38:19.463+05:30 DEBUG 924 --- [grocery-billing-system] [main] org.hibernate.SQL                        : 
    alter table if exists audit_logs 
       add constraint FKjs4iimve3y0xssbtve5ysyef0 
       foreign key (user_id) 
       references users
2026-03-14T12:38:19.490+05:30 DEBUG 924 --- [grocery-billing-system] [main] org.hibernate.SQL                        : 
    alter table if exists bill_items 
       add constraint FKj9o7g8krc56gf6t6f0sy4ic5p 
       foreign key (bill_id) 
       references bills
2026-03-14T12:38:19.495+05:30 DEBUG 924 --- [grocery-billing-system] [main] org.hibernate.SQL                        : 
    alter table if exists bill_items 
       add constraint FKnxfjfage047r297vj65sq8e6h 
       foreign key (product_id) 
       references products
2026-03-14T12:38:19.502+05:30 DEBUG 924 --- [grocery-billing-system] [main] org.hibernate.SQL                        : 
    alter table if exists bills 
       add constraint FKfooroaa22n3o2sqy6l5syrdm 
       foreign key (cashier_id) 
       references users
2026-03-14T12:38:19.506+05:30 DEBUG 924 --- [grocery-billing-system] [main] org.hibernate.SQL                        : 
    alter table if exists bills 
       add constraint FKoy9sc2dmxj2qwjeiiilf3yuxp 
       foreign key (customer_id) 
       references customers
2026-03-14T12:38:19.510+05:30 DEBUG 924 --- [grocery-billing-system] [main] org.hibernate.SQL                        : 
    alter table if exists bills 
       add constraint FKk6blwwpbgvwq7238pvbg63364 
       foreign key (void_by_user_id) 
       references users
2026-03-14T12:38:19.516+05:30 DEBUG 924 --- [grocery-billing-system] [main] org.hibernate.SQL                        : 
    alter table if exists categories 
       add constraint FKsaok720gsu4u2wrgbk10b5n8d 
       foreign key (parent_id) 
       references categories
2026-03-14T12:38:19.523+05:30 DEBUG 924 --- [grocery-billing-system] [main] org.hibernate.SQL                        : 
    alter table if exists payments 
       add constraint FK9565r6579khpdjxnyla0l2ycd 
       foreign key (bill_id) 
       references bills
2026-03-14T12:38:19.527+05:30 DEBUG 924 --- [grocery-billing-system] [main] org.hibernate.SQL                        : 
    alter table if exists payments 
       add constraint FK45dp0030s8e3myd8n6ky4e79g 
       foreign key (customer_id) 
       references customers
2026-03-14T12:38:19.534+05:30 DEBUG 924 --- [grocery-billing-system] [main] org.hibernate.SQL                        : 
    alter table if exists products 
       add constraint FKog2rp4qthbtt2lfyhfo32lsw9 
       foreign key (category_id) 
       references categories
2026-03-14T12:38:19.537+05:30 DEBUG 924 --- [grocery-billing-system] [main] org.hibernate.SQL                        : 
    alter table if exists products 
       add constraint FK6i174ixi9087gcvvut45em7fd 
       foreign key (supplier_id) 
       references suppliers
2026-03-14T12:38:19.548+05:30  INFO 924 --- [grocery-billing-system] [main] j.LocalContainerEntityManagerFactoryBean : Initialized JPA EntityManagerFactory for persistence unit 'default'
2026-03-14T12:38:21.075+05:30  INFO 924 --- [grocery-billing-system] [main] o.s.d.j.r.query.QueryEnhancerFactory     : Hibernate is in classpath; If applicable, HQL parser will be used.
2026-03-14T12:38:25.231+05:30  WARN 924 --- [grocery-billing-system] [main] JpaBaseConfiguration$JpaWebConfiguration : spring.jpa.open-in-view is enabled by default. Therefore, database queries may be performed during view rendering. Explicitly configure spring.jpa.open-in-view to disable this warning
2026-03-14T12:38:25.354+05:30  WARN 924 --- [grocery-billing-system] [main] .s.s.UserDetailsServiceAutoConfiguration : 

Using generated security password: 2edec5a5-2fb1-4441-9017-d197ab118893

This generated password is for development use only. Your security configuration must be updated before running your application in production.

2026-03-14T12:38:26.885+05:30  INFO 924 --- [grocery-billing-system] [main] o.s.b.a.e.web.EndpointLinksResolver      : Exposing 2 endpoint(s) beneath base path '/actuator'
2026-03-14T12:38:27.147+05:30  INFO 924 --- [grocery-billing-system] [main] o.s.s.web.DefaultSecurityFilterChain     : Will secure any request with [org.springframework.security.web.session.DisableEncodeUrlFilter@14e9eace, org.springframework.security.web.context.request.async.WebAsyncManagerIntegrationFilter@c01b, org.springframework.security.web.context.SecurityContextHolderFilter@1a3d4d94, org.springframework.security.web.header.HeaderWriterFilter@64231d5d, org.springframework.web.filter.CorsFilter@18690d13, org.springframework.security.web.authentication.logout.LogoutFilter@4467fbd8, com.grocerystore.billing.filter.JwtAuthenticationFilter@47b4ac83, org.springframework.security.web.savedrequest.RequestCacheAwareFilter@64bc291b, org.springframework.security.web.servletapi.SecurityContextHolderAwareRequestFilter@1962d811, org.springframework.security.web.authentication.AnonymousAuthenticationFilter@79dd676f, org.springframework.security.web.session.SessionManagementFilter@66b27bd6, org.springframework.security.web.access.ExceptionTranslationFilter@635763d4, org.springframework.security.web.access.intercept.AuthorizationFilter@e51fa39]
2026-03-14T12:38:29.492+05:30  INFO 924 --- [grocery-billing-system] [RMI TCP Connection(2)-127.0.0.1] o.a.c.c.C.[.[localhost].[/api/v1]        : Initializing Spring DispatcherServlet 'dispatcherServlet'
2026-03-14T12:38:29.594+05:30  INFO 924 --- [grocery-billing-system] [RMI TCP Connection(2)-127.0.0.1] o.s.web.servlet.DispatcherServlet        : Initializing Servlet 'dispatcherServlet'
2026-03-14T12:38:29.605+05:30  INFO 924 --- [grocery-billing-system] [RMI TCP Connection(2)-127.0.0.1] o.s.web.servlet.DispatcherServlet        : Completed initialization in 10 ms
2026-03-14T12:38:31.305+05:30  INFO 924 --- [grocery-billing-system] [main] o.s.b.w.embedded.tomcat.TomcatWebServer  : Tomcat started on port 8080 (http) with context path '/api/v1'
2026-03-14T12:38:31.529+05:30  INFO 924 --- [grocery-billing-system] [main] c.g.billing.GroceryBillingApplication    : Started GroceryBillingApplication in 30.815 seconds (process running for 33.882)
2026-03-14T12:38:31.572+05:30  INFO 924 --- [grocery-billing-system] [main] c.g.billing.config.DataInitializer       : Initializing default users...
2026-03-14T12:38:32.035+05:30 DEBUG 924 --- [grocery-billing-system] [main] org.hibernate.SQL                        : 
    select
        u1_0.user_id,
        u1_0.created_at,
        u1_0.email,
        u1_0.first_name,
        u1_0.is_active,
        u1_0.last_login,
        u1_0.last_name,
        u1_0.password_hash,
        u1_0.role,
        u1_0.updated_at,
        u1_0.username 
    from
        users u1_0 
    where
        u1_0.username=?
2026-03-14T12:38:32.393+05:30 DEBUG 924 --- [grocery-billing-system] [main] org.hibernate.SQL                        : 
    insert 
    into
        users
        (created_at, email, first_name, is_active, last_login, last_name, password_hash, role, updated_at, username, user_id) 
    values
        (?, ?, ?, ?, ?, ?, ?, ?, ?, ?, default)
2026-03-14T12:38:32.456+05:30  INFO 924 --- [grocery-billing-system] [main] c.g.billing.config.DataInitializer       : Created user: admin with role: ADMIN
2026-03-14T12:38:32.460+05:30 DEBUG 924 --- [grocery-billing-system] [main] org.hibernate.SQL                        : 
    select
        u1_0.user_id,
        u1_0.created_at,
        u1_0.email,
        u1_0.first_name,
        u1_0.is_active,
        u1_0.last_login,
        u1_0.last_name,
        u1_0.password_hash,
        u1_0.role,
        u1_0.updated_at,
        u1_0.username 
    from
        users u1_0 
    where
        u1_0.username=?
2026-03-14T12:38:32.607+05:30 DEBUG 924 --- [grocery-billing-system] [main] org.hibernate.SQL                        : 
    insert 
    into
        users
        (created_at, email, first_name, is_active, last_login, last_name, password_hash, role, updated_at, username, user_id) 
    values
        (?, ?, ?, ?, ?, ?, ?, ?, ?, ?, default)
2026-03-14T12:38:32.613+05:30  INFO 924 --- [grocery-billing-system] [main] c.g.billing.config.DataInitializer       : Created user: cashier1 with role: CASHIER
2026-03-14T12:38:32.622+05:30 DEBUG 924 --- [grocery-billing-system] [main] org.hibernate.SQL                        : 
    select
        u1_0.user_id,
        u1_0.created_at,
        u1_0.email,
        u1_0.first_name,
        u1_0.is_active,
        u1_0.last_login,
        u1_0.last_name,
        u1_0.password_hash,
        u1_0.role,
        u1_0.updated_at,
        u1_0.username 
    from
        users u1_0 
    where
        u1_0.username=?
2026-03-14T12:38:32.807+05:30 DEBUG 924 --- [grocery-billing-system] [main] org.hibernate.SQL                        : 
    insert 
    into
        users
        (created_at, email, first_name, is_active, last_login, last_name, password_hash, role, updated_at, username, user_id) 
    values
        (?, ?, ?, ?, ?, ?, ?, ?, ?, ?, default)
2026-03-14T12:38:32.815+05:30  INFO 924 --- [grocery-billing-system] [main] c.g.billing.config.DataInitializer       : Created user: manager1 with role: MANAGER
2026-03-14T12:38:32.819+05:30 DEBUG 924 --- [grocery-billing-system] [main] org.hibernate.SQL                        : 
    select
        u1_0.user_id,
        u1_0.created_at,
        u1_0.email,
        u1_0.first_name,
        u1_0.is_active,
        u1_0.last_login,
        u1_0.last_name,
        u1_0.password_hash,
        u1_0.role,
        u1_0.updated_at,
        u1_0.username 
    from
        users u1_0 
    where
        u1_0.username=?
2026-03-14T12:38:32.950+05:30 DEBUG 924 --- [grocery-billing-system] [main] org.hibernate.SQL                        : 
    insert 
    into
        users
        (created_at, email, first_name, is_active, last_login, last_name, password_hash, role, updated_at, username, user_id) 
    values
        (?, ?, ?, ?, ?, ?, ?, ?, ?, ?, default)
2026-03-14T12:38:32.955+05:30  INFO 924 --- [grocery-billing-system] [main] c.g.billing.config.DataInitializer       : Created user: inventory1 with role: INVENTORY_MANAGER
2026-03-14T12:38:32.959+05:30 DEBUG 924 --- [grocery-billing-system] [main] org.hibernate.SQL                        : 
    select
        u1_0.user_id,
        u1_0.created_at,
        u1_0.email,
        u1_0.first_name,
        u1_0.is_active,
        u1_0.last_login,
        u1_0.last_name,
        u1_0.password_hash,
        u1_0.role,
        u1_0.updated_at,
        u1_0.username 
    from
        users u1_0 
    where
        u1_0.username=?
2026-03-14T12:38:33.079+05:30 DEBUG 924 --- [grocery-billing-system] [main] org.hibernate.SQL                        : 
    insert 
    into
        users
        (created_at, email, first_name, is_active, last_login, last_name, password_hash, role, updated_at, username, user_id) 
    values
        (?, ?, ?, ?, ?, ?, ?, ?, ?, ?, default)
2026-03-14T12:38:33.083+05:30  INFO 924 --- [grocery-billing-system] [main] c.g.billing.config.DataInitializer       : Created user: accountant1 with role: ACCOUNTANT
2026-03-14T12:38:33.083+05:30  INFO 924 --- [grocery-billing-system] [main] c.g.billing.config.DataInitializer       : Default users initialization completed
2026-03-14T12:42:55.957+05:30  INFO 8228 --- [grocery-billing-system] [main] c.g.billing.GroceryBillingApplication    : Starting GroceryBillingApplication using Java 21.0.1 with PID 8228 (D:\grocery billing system\backend\target\classes started by HP in D:\grocery billing system)
2026-03-14T12:42:55.962+05:30 DEBUG 8228 --- [grocery-billing-system] [main] c.g.billing.GroceryBillingApplication    : Running with Spring Boot v3.2.1, Spring v6.1.2
2026-03-14T12:42:55.967+05:30  INFO 8228 --- [grocery-billing-system] [main] c.g.billing.GroceryBillingApplication    : No active profile set, falling back to 1 default profile: "default"
2026-03-14T12:43:00.159+05:30  INFO 8228 --- [grocery-billing-system] [main] .s.d.r.c.RepositoryConfigurationDelegate : Bootstrapping Spring Data JPA repositories in DEFAULT mode.
2026-03-14T12:43:00.506+05:30  INFO 8228 --- [grocery-billing-system] [main] .s.d.r.c.RepositoryConfigurationDelegate : Finished Spring Data repository scanning in 313 ms. Found 8 JPA repository interfaces.
2026-03-14T12:43:03.811+05:30  INFO 8228 --- [grocery-billing-system] [main] o.s.b.w.embedded.tomcat.TomcatWebServer  : Tomcat initialized with port 8080 (http)
2026-03-14T12:43:03.991+05:30  INFO 8228 --- [grocery-billing-system] [main] o.apache.catalina.core.StandardService   : Starting service [Tomcat]
2026-03-14T12:43:03.996+05:30  INFO 8228 --- [grocery-billing-system] [main] o.apache.catalina.core.StandardEngine    : Starting Servlet engine: [Apache Tomcat/10.1.17]
2026-03-14T12:43:04.284+05:30  INFO 8228 --- [grocery-billing-system] [main] o.a.c.c.C.[.[localhost].[/api/v1]        : Initializing Spring embedded WebApplicationContext
2026-03-14T12:43:04.285+05:30  INFO 8228 --- [grocery-billing-system] [main] w.s.c.ServletWebServerApplicationContext : Root WebApplicationContext: initialization completed in 8167 ms
2026-03-14T12:43:04.909+05:30  INFO 8228 --- [grocery-billing-system] [main] com.zaxxer.hikari.HikariDataSource       : HikariPool-1 - Starting...
2026-03-14T12:43:05.401+05:30  INFO 8228 --- [grocery-billing-system] [main] com.zaxxer.hikari.pool.HikariPool        : HikariPool-1 - Added connection conn0: url=jdbc:h2:mem:grocery_billing_db user=SA
2026-03-14T12:43:05.405+05:30  INFO 8228 --- [grocery-billing-system] [main] com.zaxxer.hikari.HikariDataSource       : HikariPool-1 - Start completed.
2026-03-14T12:43:05.436+05:30  INFO 8228 --- [grocery-billing-system] [main] o.s.b.a.h2.H2ConsoleAutoConfiguration    : H2 console available at '/h2-console'. Database available at 'jdbc:h2:mem:grocery_billing_db'
2026-03-14T12:43:05.816+05:30 DEBUG 8228 --- [grocery-billing-system] [main] c.g.b.filter.JwtAuthenticationFilter     : Filter 'jwtAuthenticationFilter' configured for use
2026-03-14T12:43:06.179+05:30  INFO 8228 --- [grocery-billing-system] [main] o.hibernate.jpa.internal.util.LogHelper  : HHH000204: Processing PersistenceUnitInfo [name: default]
2026-03-14T12:43:06.367+05:30  INFO 8228 --- [grocery-billing-system] [main] org.hibernate.Version                    : HHH000412: Hibernate ORM core version 6.4.1.Final
2026-03-14T12:43:06.499+05:30  INFO 8228 --- [grocery-billing-system] [main] o.h.c.internal.RegionFactoryInitiator    : HHH000026: Second-level cache disabled
2026-03-14T12:43:07.187+05:30  INFO 8228 --- [grocery-billing-system] [main] o.s.o.j.p.SpringPersistenceUnitInfo      : No LoadTimeWeaver setup: ignoring JPA class transformer
2026-03-14T12:43:07.288+05:30  WARN 8228 --- [grocery-billing-system] [main] org.hibernate.orm.deprecation            : HHH90000025: H2Dialect does not need to be specified explicitly using 'hibernate.dialect' (remove the property setting and it will be selected by default)
2026-03-14T12:43:10.225+05:30  INFO 8228 --- [grocery-billing-system] [main] o.h.e.t.j.p.i.JtaPlatformInitiator       : HHH000489: No JTA platform available (set 'hibernate.transaction.jta.platform' to enable JTA platform integration)
2026-03-14T12:43:10.255+05:30 DEBUG 8228 --- [grocery-billing-system] [main] org.hibernate.SQL                        : 
    drop table if exists audit_logs cascade 
2026-03-14T12:43:10.266+05:30 DEBUG 8228 --- [grocery-billing-system] [main] org.hibernate.SQL                        : 
    drop table if exists bill_items cascade 
2026-03-14T12:43:10.268+05:30 DEBUG 8228 --- [grocery-billing-system] [main] org.hibernate.SQL                        : 
    drop table if exists bills cascade 
2026-03-14T12:43:10.269+05:30 DEBUG 8228 --- [grocery-billing-system] [main] org.hibernate.SQL                        : 
    drop table if exists categories cascade 
2026-03-14T12:43:10.271+05:30 DEBUG 8228 --- [grocery-billing-system] [main] org.hibernate.SQL                        : 
    drop table if exists customers cascade 
2026-03-14T12:43:10.274+05:30 DEBUG 8228 --- [grocery-billing-system] [main] org.hibernate.SQL                        : 
    drop table if exists payments cascade 
2026-03-14T12:43:10.275+05:30 DEBUG 8228 --- [grocery-billing-system] [main] org.hibernate.SQL                        : 
    drop table if exists products cascade 
2026-03-14T12:43:10.278+05:30 DEBUG 8228 --- [grocery-billing-system] [main] org.hibernate.SQL                        : 
    drop table if exists suppliers cascade 
2026-03-14T12:43:10.280+05:30 DEBUG 8228 --- [grocery-billing-system] [main] org.hibernate.SQL                        : 
    drop table if exists users cascade 
2026-03-14T12:43:10.291+05:30 DEBUG 8228 --- [grocery-billing-system] [main] org.hibernate.SQL                        : 
    create table audit_logs (
        entity_id integer not null,
        user_id integer not null,
        log_id bigint generated by default as identity,
        timestamp timestamp(6) not null,
        ip_address varchar(45),
        entity_type varchar(50) not null,
        action varchar(100) not null,
        changed_columns varchar(255),
        new_value TEXT,
        old_value TEXT,
        user_agent varchar(255),
        primary key (log_id)
    )
2026-03-14T12:43:10.322+05:30 DEBUG 8228 --- [grocery-billing-system] [main] org.hibernate.SQL                        : 
    create table bill_items (
        bill_id integer not null,
        discount_amount numeric(10,2) not null,
        final_line_total numeric(12,2) not null,
        item_id integer generated by default as identity,
        line_total numeric(12,2) not null,
        product_id integer not null,
        quantity integer not null,
        unit_price numeric(10,2) not null,
        created_at timestamp(6) not null,
        primary key (item_id)
    )
2026-03-14T12:43:10.335+05:30 DEBUG 8228 --- [grocery-billing-system] [main] org.hibernate.SQL                        : 
    create table bills (
        bill_id integer generated by default as identity,
        cashier_id integer not null,
        customer_id integer,
        discount_amount numeric(12,2) not null,
        subtotal numeric(12,2) not null,
        tax_amount numeric(12,2) not null,
        total_amount numeric(12,2) not null,
        void_by_user_id integer,
        bill_date timestamp(6) not null,
        created_at timestamp(6) not null,
        updated_at timestamp(6) not null,
        void_date timestamp(6),
        bill_number varchar(50) not null unique,
        notes TEXT,
        status varchar(255) not null check (status in ('COMPLETED','VOIDED','REFUNDED')),
        void_reason varchar(255),
        primary key (bill_id)
    )
2026-03-14T12:43:10.362+05:30 DEBUG 8228 --- [grocery-billing-system] [main] org.hibernate.SQL                        : 
    create table categories (
        category_id integer generated by default as identity,
        is_active boolean not null,
        parent_id integer,
        created_at timestamp(6) not null,
        updated_at timestamp(6) not null,
        name varchar(100) not null unique,
        description TEXT,
        primary key (category_id)
    )
2026-03-14T12:43:10.374+05:30 DEBUG 8228 --- [grocery-billing-system] [main] org.hibernate.SQL                        : 
    create table customers (
        customer_id integer generated by default as identity,
        is_active boolean not null,
        loyalty_points integer not null,
        total_spent numeric(12,2) not null,
        created_at timestamp(6) not null,
        member_since timestamp(6) not null,
        updated_at timestamp(6) not null,
        phone varchar(20) not null unique,
        postal_code varchar(20),
        state varchar(50),
        city varchar(100),
        country varchar(100),
        email varchar(100) unique,
        first_name varchar(100) not null,
        last_name varchar(100) not null,
        address varchar(255),
        primary key (customer_id)
    )
2026-03-14T12:43:10.391+05:30 DEBUG 8228 --- [grocery-billing-system] [main] org.hibernate.SQL                        : 
    create table payments (
        amount numeric(12,2) not null,
        bill_id integer not null unique,
        card_last_four varchar(4),
        customer_id integer,
        payment_id integer generated by default as identity,
        created_at timestamp(6) not null,
        processed_at timestamp(6),
        card_brand varchar(20),
        reference_number varchar(100),
        gateway_response TEXT,
        payment_method varchar(255) not null check (payment_method in ('CASH','CREDIT_CARD','DEBIT_CARD','DIGITAL_WALLET','CHECK')),
        status varchar(255) not null check (status in ('PENDING','APPROVED','DECLINED','FAILED')),
        primary key (payment_id)
    )
2026-03-14T12:43:10.415+05:30 DEBUG 8228 --- [grocery-billing-system] [main] org.hibernate.SQL                        : 
    create table products (
        category_id integer not null,
        cost_price numeric(10,2) not null,
        expiry_date date,
        is_active boolean not null,
        price numeric(10,2) not null,
        product_id integer generated by default as identity,
        quantity_on_hand integer not null,
        reorder_level integer not null,
        reorder_quantity integer not null,
        supplier_id integer not null,
        created_at timestamp(6) not null,
        updated_at timestamp(6) not null,
        unit_of_measure varchar(20),
        barcode varchar(50) not null unique,
        sku varchar(50) not null unique,
        name varchar(200) not null,
        description TEXT,
        image_url varchar(255),
        primary key (product_id)
    )
2026-03-14T12:43:10.440+05:30 DEBUG 8228 --- [grocery-billing-system] [main] org.hibernate.SQL                        : 
    create table suppliers (
        is_active boolean not null,
        supplier_id integer generated by default as identity,
        created_at timestamp(6) not null,
        updated_at timestamp(6) not null,
        phone varchar(20),
        postal_code varchar(20),
        state varchar(50),
        city varchar(100),
        contact_person varchar(100),
        country varchar(100),
        email varchar(100),
        payment_terms varchar(100),
        name varchar(150) not null unique,
        address varchar(255),
        primary key (supplier_id)
    )
2026-03-14T12:43:10.461+05:30 DEBUG 8228 --- [grocery-billing-system] [main] org.hibernate.SQL                        : 
    create table users (
        is_active boolean not null,
        user_id integer generated by default as identity,
        created_at timestamp(6) not null,
        last_login timestamp(6),
        updated_at timestamp(6) not null,
        username varchar(50) not null unique,
        email varchar(100) not null unique,
        first_name varchar(100) not null,
        last_name varchar(100) not null,
        password_hash varchar(255) not null,
        role varchar(255) not null check (role in ('ADMIN','MANAGER','CASHIER','INVENTORY_MANAGER','ACCOUNTANT')),
        primary key (user_id)
    )
2026-03-14T12:43:10.478+05:30 DEBUG 8228 --- [grocery-billing-system] [main] org.hibernate.SQL                        : 
    create index idx_user_id 
       on audit_logs (user_id)
2026-03-14T12:43:10.483+05:30 DEBUG 8228 --- [grocery-billing-system] [main] org.hibernate.SQL                        : 
    create index idx_timestamp 
       on audit_logs (timestamp)
2026-03-14T12:43:10.485+05:30 DEBUG 8228 --- [grocery-billing-system] [main] org.hibernate.SQL                        : 
    create index idx_entity_type_id 
       on audit_logs (entity_type, entity_id)
2026-03-14T12:43:10.487+05:30 DEBUG 8228 --- [grocery-billing-system] [main] org.hibernate.SQL                        : 
    create index idx_action 
       on audit_logs (action)
2026-03-14T12:43:10.489+05:30 DEBUG 8228 --- [grocery-billing-system] [main] org.hibernate.SQL                        : 
    create index idx_bill_id 
       on bill_items (bill_id)
2026-03-14T12:43:10.491+05:30 DEBUG 8228 --- [grocery-billing-system] [main] org.hibernate.SQL                        : 
    create index idx_product_id 
       on bill_items (product_id)
2026-03-14T12:43:10.499+05:30 DEBUG 8228 --- [grocery-billing-system] [main] org.hibernate.SQL                        : 
    create index uk_bill_product 
       on bill_items (bill_id, product_id)
2026-03-14T12:43:10.501+05:30 DEBUG 8228 --- [grocery-billing-system] [main] org.hibernate.SQL                        : 
    create index idx_bill_number 
       on bills (bill_number)
2026-03-14T12:43:10.503+05:30 DEBUG 8228 --- [grocery-billing-system] [main] org.hibernate.SQL                        : 
    create index idx_bill_date 
       on bills (bill_date)
2026-03-14T12:43:10.505+05:30 DEBUG 8228 --- [grocery-billing-system] [main] org.hibernate.SQL                        : 
    create index idx_cashier_id 
       on bills (cashier_id)
2026-03-14T12:43:10.507+05:30 DEBUG 8228 --- [grocery-billing-system] [main] org.hibernate.SQL                        : 
    create index idx_customer_id 
       on bills (customer_id)
2026-03-14T12:43:10.508+05:30 DEBUG 8228 --- [grocery-billing-system] [main] org.hibernate.SQL                        : 
    create index idx_status 
       on bills (status)
2026-03-14T12:43:10.516+05:30 DEBUG 8228 --- [grocery-billing-system] [main] org.hibernate.SQL                        : 
    create index idx_parent_id 
       on categories (parent_id)
2026-03-14T12:43:10.518+05:30 DEBUG 8228 --- [grocery-billing-system] [main] org.hibernate.SQL                        : 
    create index idx_is_active 
       on categories (is_active)
2026-03-14T12:43:10.520+05:30 DEBUG 8228 --- [grocery-billing-system] [main] org.hibernate.SQL                        : 
    create index idx_name 
       on categories (name)
2026-03-14T12:43:10.523+05:30 DEBUG 8228 --- [grocery-billing-system] [main] org.hibernate.SQL                        : 
    create index idx_phone 
       on customers (phone)
2026-03-14T12:43:10.524+05:30 DEBUG 8228 --- [grocery-billing-system] [main] org.hibernate.SQL                        : 
    create index idx_email 
       on customers (email)
2026-03-14T12:43:10.529+05:30 DEBUG 8228 --- [grocery-billing-system] [main] org.hibernate.SQL                        : 
    create index idx_customer_name 
       on customers (first_name, last_name)
2026-03-14T12:43:10.531+05:30 DEBUG 8228 --- [grocery-billing-system] [main] org.hibernate.SQL                        : 
    create index idx_bill_id 
       on payments (bill_id)
2026-03-14T12:43:10.535+05:30  WARN 8228 --- [grocery-billing-system] [main] o.h.t.s.i.ExceptionHandlerLoggedImpl     : GenerationTarget encountered exception accepting command : Error executing DDL "
    create index idx_bill_id 
       on payments (bill_id)" via JDBC [Index "IDX_BILL_ID" already exists;]

org.hibernate.tool.schema.spi.CommandAcceptanceException: Error executing DDL "
    create index idx_bill_id 
       on payments (bill_id)" via JDBC [Index "IDX_BILL_ID" already exists;]
	at org.hibernate.tool.schema.internal.exec.GenerationTargetToDatabase.accept(GenerationTargetToDatabase.java:94) ~[hibernate-core-6.4.1.Final.jar:6.4.1.Final]
	at org.hibernate.tool.schema.internal.Helper.applySqlString(Helper.java:233) ~[hibernate-core-6.4.1.Final.jar:6.4.1.Final]
	at org.hibernate.tool.schema.internal.Helper.applySqlStrings(Helper.java:217) ~[hibernate-core-6.4.1.Final.jar:6.4.1.Final]
	at org.hibernate.tool.schema.internal.SchemaCreatorImpl.createTableConstraints(SchemaCreatorImpl.java:383) ~[hibernate-core-6.4.1.Final.jar:6.4.1.Final]
	at org.hibernate.tool.schema.internal.SchemaCreatorImpl.createSequencesTablesConstraints(SchemaCreatorImpl.java:351) ~[hibernate-core-6.4.1.Final.jar:6.4.1.Final]
	at org.hibernate.tool.schema.internal.SchemaCreatorImpl.createFromMetadata(SchemaCreatorImpl.java:239) ~[hibernate-core-6.4.1.Final.jar:6.4.1.Final]
	at org.hibernate.tool.schema.internal.SchemaCreatorImpl.performCreation(SchemaCreatorImpl.java:172) ~[hibernate-core-6.4.1.Final.jar:6.4.1.Final]
	at org.hibernate.tool.schema.internal.SchemaCreatorImpl.doCreation(SchemaCreatorImpl.java:142) ~[hibernate-core-6.4.1.Final.jar:6.4.1.Final]
	at org.hibernate.tool.schema.internal.SchemaCreatorImpl.doCreation(SchemaCreatorImpl.java:118) ~[hibernate-core-6.4.1.Final.jar:6.4.1.Final]
	at org.hibernate.tool.schema.spi.SchemaManagementToolCoordinator.performDatabaseAction(SchemaManagementToolCoordinator.java:256) ~[hibernate-core-6.4.1.Final.jar:6.4.1.Final]
	at org.hibernate.tool.schema.spi.SchemaManagementToolCoordinator.lambda$process$5(SchemaManagementToolCoordinator.java:145) ~[hibernate-core-6.4.1.Final.jar:6.4.1.Final]
	at java.base/java.util.HashMap.forEach(HashMap.java:1429) ~[na:na]
	at org.hibernate.tool.schema.spi.SchemaManagementToolCoordinator.process(SchemaManagementToolCoordinator.java:142) ~[hibernate-core-6.4.1.Final.jar:6.4.1.Final]
	at org.hibernate.boot.internal.SessionFactoryObserverForSchemaExport.sessionFactoryCreated(SessionFactoryObserverForSchemaExport.java:37) ~[hibernate-core-6.4.1.Final.jar:6.4.1.Final]
	at org.hibernate.internal.SessionFactoryObserverChain.sessionFactoryCreated(SessionFactoryObserverChain.java:35) ~[hibernate-core-6.4.1.Final.jar:6.4.1.Final]
	at org.hibernate.internal.SessionFactoryImpl.<init>(SessionFactoryImpl.java:315) ~[hibernate-core-6.4.1.Final.jar:6.4.1.Final]
	at org.hibernate.boot.internal.SessionFactoryBuilderImpl.build(SessionFactoryBuilderImpl.java:450) ~[hibernate-core-6.4.1.Final.jar:6.4.1.Final]
	at org.hibernate.jpa.boot.internal.EntityManagerFactoryBuilderImpl.build(EntityManagerFactoryBuilderImpl.java:1507) ~[hibernate-core-6.4.1.Final.jar:6.4.1.Final]
	at org.springframework.orm.jpa.vendor.SpringHibernateJpaPersistenceProvider.createContainerEntityManagerFactory(SpringHibernateJpaPersistenceProvider.java:75) ~[spring-orm-6.1.2.jar:6.1.2]
	at org.springframework.orm.jpa.LocalContainerEntityManagerFactoryBean.createNativeEntityManagerFactory(LocalContainerEntityManagerFactoryBean.java:376) ~[spring-orm-6.1.2.jar:6.1.2]
	at org.springframework.orm.jpa.AbstractEntityManagerFactoryBean.buildNativeEntityManagerFactory(AbstractEntityManagerFactoryBean.java:409) ~[spring-orm-6.1.2.jar:6.1.2]
	at org.springframework.orm.jpa.AbstractEntityManagerFactoryBean.afterPropertiesSet(AbstractEntityManagerFactoryBean.java:396) ~[spring-orm-6.1.2.jar:6.1.2]
	at org.springframework.orm.jpa.LocalContainerEntityManagerFactoryBean.afterPropertiesSet(LocalContainerEntityManagerFactoryBean.java:352) ~[spring-orm-6.1.2.jar:6.1.2]
	at org.springframework.beans.factory.support.AbstractAutowireCapableBeanFactory.invokeInitMethods(AbstractAutowireCapableBeanFactory.java:1820) ~[spring-beans-6.1.2.jar:6.1.2]
	at org.springframework.beans.factory.support.AbstractAutowireCapableBeanFactory.initializeBean(AbstractAutowireCapableBeanFactory.java:1769) ~[spring-beans-6.1.2.jar:6.1.2]
	at org.springframework.beans.factory.support.AbstractAutowireCapableBeanFactory.doCreateBean(AbstractAutowireCapableBeanFactory.java:599) ~[spring-beans-6.1.2.jar:6.1.2]
	at org.springframework.beans.factory.support.AbstractAutowireCapableBeanFactory.createBean(AbstractAutowireCapableBeanFactory.java:521) ~[spring-beans-6.1.2.jar:6.1.2]
	at org.springframework.beans.factory.support.AbstractBeanFactory.lambda$doGetBean$0(AbstractBeanFactory.java:325) ~[spring-beans-6.1.2.jar:6.1.2]
	at org.springframework.beans.factory.support.DefaultSingletonBeanRegistry.getSingleton(DefaultSingletonBeanRegistry.java:234) ~[spring-beans-6.1.2.jar:6.1.2]
	at org.springframework.beans.factory.support.AbstractBeanFactory.doGetBean(AbstractBeanFactory.java:323) ~[spring-beans-6.1.2.jar:6.1.2]
	at org.springframework.beans.factory.support.AbstractBeanFactory.getBean(AbstractBeanFactory.java:199) ~[spring-beans-6.1.2.jar:6.1.2]
	at org.springframework.context.support.AbstractApplicationContext.getBean(AbstractApplicationContext.java:1232) ~[spring-context-6.1.2.jar:6.1.2]
	at org.springframework.context.support.AbstractApplicationContext.finishBeanFactoryInitialization(AbstractApplicationContext.java:950) ~[spring-context-6.1.2.jar:6.1.2]
	at org.springframework.context.support.AbstractApplicationContext.refresh(AbstractApplicationContext.java:625) ~[spring-context-6.1.2.jar:6.1.2]
	at org.springframework.boot.web.servlet.context.ServletWebServerApplicationContext.refresh(ServletWebServerApplicationContext.java:146) ~[spring-boot-3.2.1.jar:3.2.1]
	at org.springframework.boot.SpringApplication.refresh(SpringApplication.java:762) ~[spring-boot-3.2.1.jar:3.2.1]
	at org.springframework.boot.SpringApplication.refreshContext(SpringApplication.java:464) ~[spring-boot-3.2.1.jar:3.2.1]
	at org.springframework.boot.SpringApplication.run(SpringApplication.java:334) ~[spring-boot-3.2.1.jar:3.2.1]
	at org.springframework.boot.SpringApplication.run(SpringApplication.java:1358) ~[spring-boot-3.2.1.jar:3.2.1]
	at org.springframework.boot.SpringApplication.run(SpringApplication.java:1347) ~[spring-boot-3.2.1.jar:3.2.1]
	at com.grocerystore.billing.GroceryBillingApplication.main(GroceryBillingApplication.java:21) ~[classes/:na]
Caused by: org.h2.jdbc.JdbcSQLSyntaxErrorException: Index "IDX_BILL_ID" already exists; SQL statement:

    create index idx_bill_id 
       on payments (bi [42111-224]
	at org.h2.message.DbException.getJdbcSQLException(DbException.java:514) ~[h2-2.2.224.jar:2.2.224]
	at org.h2.message.DbException.getJdbcSQLException(DbException.java:489) ~[h2-2.2.224.jar:2.2.224]
	at org.h2.message.DbException.get(DbException.java:223) ~[h2-2.2.224.jar:2.2.224]
	at org.h2.message.DbException.get(DbException.java:199) ~[h2-2.2.224.jar:2.2.224]
	at org.h2.command.ddl.CreateIndex.update(CreateIndex.java:76) ~[h2-2.2.224.jar:2.2.224]
	at org.h2.command.CommandContainer.update(CommandContainer.java:169) ~[h2-2.2.224.jar:2.2.224]
	at org.h2.command.Command.executeUpdate(Command.java:256) ~[h2-2.2.224.jar:2.2.224]
	at org.h2.jdbc.JdbcStatement.executeInternal(JdbcStatement.java:262) ~[h2-2.2.224.jar:2.2.224]
	at org.h2.jdbc.JdbcStatement.execute(JdbcStatement.java:231) ~[h2-2.2.224.jar:2.2.224]
	at com.zaxxer.hikari.pool.ProxyStatement.execute(ProxyStatement.java:94) ~[HikariCP-5.0.1.jar:na]
	at com.zaxxer.hikari.pool.HikariProxyStatement.execute(HikariProxyStatement.java) ~[HikariCP-5.0.1.jar:na]
	at org.hibernate.tool.schema.internal.exec.GenerationTargetToDatabase.accept(GenerationTargetToDatabase.java:80) ~[hibernate-core-6.4.1.Final.jar:6.4.1.Final]
	... 40 common frames omitted

2026-03-14T12:43:10.580+05:30 DEBUG 8228 --- [grocery-billing-system] [main] org.hibernate.SQL                        : 
    create index idx_customer_id 
       on payments (customer_id)
2026-03-14T12:43:10.582+05:30  WARN 8228 --- [grocery-billing-system] [main] o.h.t.s.i.ExceptionHandlerLoggedImpl     : GenerationTarget encountered exception accepting command : Error executing DDL "
    create index idx_customer_id 
       on payments (customer_id)" via JDBC [Index "IDX_CUSTOMER_ID" already exists;]

org.hibernate.tool.schema.spi.CommandAcceptanceException: Error executing DDL "
    create index idx_customer_id 
       on payments (customer_id)" via JDBC [Index "IDX_CUSTOMER_ID" already exists;]
	at org.hibernate.tool.schema.internal.exec.GenerationTargetToDatabase.accept(GenerationTargetToDatabase.java:94) ~[hibernate-core-6.4.1.Final.jar:6.4.1.Final]
	at org.hibernate.tool.schema.internal.Helper.applySqlString(Helper.java:233) ~[hibernate-core-6.4.1.Final.jar:6.4.1.Final]
	at org.hibernate.tool.schema.internal.Helper.applySqlStrings(Helper.java:217) ~[hibernate-core-6.4.1.Final.jar:6.4.1.Final]
	at org.hibernate.tool.schema.internal.SchemaCreatorImpl.createTableConstraints(SchemaCreatorImpl.java:383) ~[hibernate-core-6.4.1.Final.jar:6.4.1.Final]
	at org.hibernate.tool.schema.internal.SchemaCreatorImpl.createSequencesTablesConstraints(SchemaCreatorImpl.java:351) ~[hibernate-core-6.4.1.Final.jar:6.4.1.Final]
	at org.hibernate.tool.schema.internal.SchemaCreatorImpl.createFromMetadata(SchemaCreatorImpl.java:239) ~[hibernate-core-6.4.1.Final.jar:6.4.1.Final]
	at org.hibernate.tool.schema.internal.SchemaCreatorImpl.performCreation(SchemaCreatorImpl.java:172) ~[hibernate-core-6.4.1.Final.jar:6.4.1.Final]
	at org.hibernate.tool.schema.internal.SchemaCreatorImpl.doCreation(SchemaCreatorImpl.java:142) ~[hibernate-core-6.4.1.Final.jar:6.4.1.Final]
	at org.hibernate.tool.schema.internal.SchemaCreatorImpl.doCreation(SchemaCreatorImpl.java:118) ~[hibernate-core-6.4.1.Final.jar:6.4.1.Final]
	at org.hibernate.tool.schema.spi.SchemaManagementToolCoordinator.performDatabaseAction(SchemaManagementToolCoordinator.java:256) ~[hibernate-core-6.4.1.Final.jar:6.4.1.Final]
	at org.hibernate.tool.schema.spi.SchemaManagementToolCoordinator.lambda$process$5(SchemaManagementToolCoordinator.java:145) ~[hibernate-core-6.4.1.Final.jar:6.4.1.Final]
	at java.base/java.util.HashMap.forEach(HashMap.java:1429) ~[na:na]
	at org.hibernate.tool.schema.spi.SchemaManagementToolCoordinator.process(SchemaManagementToolCoordinator.java:142) ~[hibernate-core-6.4.1.Final.jar:6.4.1.Final]
	at org.hibernate.boot.internal.SessionFactoryObserverForSchemaExport.sessionFactoryCreated(SessionFactoryObserverForSchemaExport.java:37) ~[hibernate-core-6.4.1.Final.jar:6.4.1.Final]
	at org.hibernate.internal.SessionFactoryObserverChain.sessionFactoryCreated(SessionFactoryObserverChain.java:35) ~[hibernate-core-6.4.1.Final.jar:6.4.1.Final]
	at org.hibernate.internal.SessionFactoryImpl.<init>(SessionFactoryImpl.java:315) ~[hibernate-core-6.4.1.Final.jar:6.4.1.Final]
	at org.hibernate.boot.internal.SessionFactoryBuilderImpl.build(SessionFactoryBuilderImpl.java:450) ~[hibernate-core-6.4.1.Final.jar:6.4.1.Final]
	at org.hibernate.jpa.boot.internal.EntityManagerFactoryBuilderImpl.build(EntityManagerFactoryBuilderImpl.java:1507) ~[hibernate-core-6.4.1.Final.jar:6.4.1.Final]
	at org.springframework.orm.jpa.vendor.SpringHibernateJpaPersistenceProvider.createContainerEntityManagerFactory(SpringHibernateJpaPersistenceProvider.java:75) ~[spring-orm-6.1.2.jar:6.1.2]
	at org.springframework.orm.jpa.LocalContainerEntityManagerFactoryBean.createNativeEntityManagerFactory(LocalContainerEntityManagerFactoryBean.java:376) ~[spring-orm-6.1.2.jar:6.1.2]
	at org.springframework.orm.jpa.AbstractEntityManagerFactoryBean.buildNativeEntityManagerFactory(AbstractEntityManagerFactoryBean.java:409) ~[spring-orm-6.1.2.jar:6.1.2]
	at org.springframework.orm.jpa.AbstractEntityManagerFactoryBean.afterPropertiesSet(AbstractEntityManagerFactoryBean.java:396) ~[spring-orm-6.1.2.jar:6.1.2]
	at org.springframework.orm.jpa.LocalContainerEntityManagerFactoryBean.afterPropertiesSet(LocalContainerEntityManagerFactoryBean.java:352) ~[spring-orm-6.1.2.jar:6.1.2]
	at org.springframework.beans.factory.support.AbstractAutowireCapableBeanFactory.invokeInitMethods(AbstractAutowireCapableBeanFactory.java:1820) ~[spring-beans-6.1.2.jar:6.1.2]
	at org.springframework.beans.factory.support.AbstractAutowireCapableBeanFactory.initializeBean(AbstractAutowireCapableBeanFactory.java:1769) ~[spring-beans-6.1.2.jar:6.1.2]
	at org.springframework.beans.factory.support.AbstractAutowireCapableBeanFactory.doCreateBean(AbstractAutowireCapableBeanFactory.java:599) ~[spring-beans-6.1.2.jar:6.1.2]
	at org.springframework.beans.factory.support.AbstractAutowireCapableBeanFactory.createBean(AbstractAutowireCapableBeanFactory.java:521) ~[spring-beans-6.1.2.jar:6.1.2]
	at org.springframework.beans.factory.support.AbstractBeanFactory.lambda$doGetBean$0(AbstractBeanFactory.java:325) ~[spring-beans-6.1.2.jar:6.1.2]
	at org.springframework.beans.factory.support.DefaultSingletonBeanRegistry.getSingleton(DefaultSingletonBeanRegistry.java:234) ~[spring-beans-6.1.2.jar:6.1.2]
	at org.springframework.beans.factory.support.AbstractBeanFactory.doGetBean(AbstractBeanFactory.java:323) ~[spring-beans-6.1.2.jar:6.1.2]
	at org.springframework.beans.factory.support.AbstractBeanFactory.getBean(AbstractBeanFactory.java:199) ~[spring-beans-6.1.2.jar:6.1.2]
	at org.springframework.context.support.AbstractApplicationContext.getBean(AbstractApplicationContext.java:1232) ~[spring-context-6.1.2.jar:6.1.2]
	at org.springframework.context.support.AbstractApplicationContext.finishBeanFactoryInitialization(AbstractApplicationContext.java:950) ~[spring-context-6.1.2.jar:6.1.2]
	at org.springframework.context.support.AbstractApplicationContext.refresh(AbstractApplicationContext.java:625) ~[spring-context-6.1.2.jar:6.1.2]
	at org.springframework.boot.web.servlet.context.ServletWebServerApplicationContext.refresh(ServletWebServerApplicationContext.java:146) ~[spring-boot-3.2.1.jar:3.2.1]
	at org.springframework.boot.SpringApplication.refresh(SpringApplication.java:762) ~[spring-boot-3.2.1.jar:3.2.1]
	at org.springframework.boot.SpringApplication.refreshContext(SpringApplication.java:464) ~[spring-boot-3.2.1.jar:3.2.1]
	at org.springframework.boot.SpringApplication.run(SpringApplication.java:334) ~[spring-boot-3.2.1.jar:3.2.1]
	at org.springframework.boot.SpringApplication.run(SpringApplication.java:1358) ~[spring-boot-3.2.1.jar:3.2.1]
	at org.springframework.boot.SpringApplication.run(SpringApplication.java:1347) ~[spring-boot-3.2.1.jar:3.2.1]
	at com.grocerystore.billing.GroceryBillingApplication.main(GroceryBillingApplication.java:21) ~[classes/:na]
Caused by: org.h2.jdbc.JdbcSQLSyntaxErrorException: Index "IDX_CUSTOMER_ID" already exists; SQL statement:

    create index idx_customer_id 
       on payments (custom [42111-224]
	at org.h2.message.DbException.getJdbcSQLException(DbException.java:514) ~[h2-2.2.224.jar:2.2.224]
	at org.h2.message.DbException.getJdbcSQLException(DbException.java:489) ~[h2-2.2.224.jar:2.2.224]
	at org.h2.message.DbException.get(DbException.java:223) ~[h2-2.2.224.jar:2.2.224]
	at org.h2.message.DbException.get(DbException.java:199) ~[h2-2.2.224.jar:2.2.224]
	at org.h2.command.ddl.CreateIndex.update(CreateIndex.java:76) ~[h2-2.2.224.jar:2.2.224]
	at org.h2.command.CommandContainer.update(CommandContainer.java:169) ~[h2-2.2.224.jar:2.2.224]
	at org.h2.command.Command.executeUpdate(Command.java:256) ~[h2-2.2.224.jar:2.2.224]
	at org.h2.jdbc.JdbcStatement.executeInternal(JdbcStatement.java:262) ~[h2-2.2.224.jar:2.2.224]
	at org.h2.jdbc.JdbcStatement.execute(JdbcStatement.java:231) ~[h2-2.2.224.jar:2.2.224]
	at com.zaxxer.hikari.pool.ProxyStatement.execute(ProxyStatement.java:94) ~[HikariCP-5.0.1.jar:na]
	at com.zaxxer.hikari.pool.HikariProxyStatement.execute(HikariProxyStatement.java) ~[HikariCP-5.0.1.jar:na]
	at org.hibernate.tool.schema.internal.exec.GenerationTargetToDatabase.accept(GenerationTargetToDatabase.java:80) ~[hibernate-core-6.4.1.Final.jar:6.4.1.Final]
	... 40 common frames omitted

2026-03-14T12:43:10.634+05:30 DEBUG 8228 --- [grocery-billing-system] [main] org.hibernate.SQL                        : 
    create index idx_payment_method 
       on payments (payment_method)
2026-03-14T12:43:10.640+05:30 DEBUG 8228 --- [grocery-billing-system] [main] org.hibernate.SQL                        : 
    create index idx_status 
       on payments (status)
2026-03-14T12:43:10.643+05:30  WARN 8228 --- [grocery-billing-system] [main] o.h.t.s.i.ExceptionHandlerLoggedImpl     : GenerationTarget encountered exception accepting command : Error executing DDL "
    create index idx_status 
       on payments (status)" via JDBC [Index "IDX_STATUS" already exists;]

org.hibernate.tool.schema.spi.CommandAcceptanceException: Error executing DDL "
    create index idx_status 
       on payments (status)" via JDBC [Index "IDX_STATUS" already exists;]
	at org.hibernate.tool.schema.internal.exec.GenerationTargetToDatabase.accept(GenerationTargetToDatabase.java:94) ~[hibernate-core-6.4.1.Final.jar:6.4.1.Final]
	at org.hibernate.tool.schema.internal.Helper.applySqlString(Helper.java:233) ~[hibernate-core-6.4.1.Final.jar:6.4.1.Final]
	at org.hibernate.tool.schema.internal.Helper.applySqlStrings(Helper.java:217) ~[hibernate-core-6.4.1.Final.jar:6.4.1.Final]
	at org.hibernate.tool.schema.internal.SchemaCreatorImpl.createTableConstraints(SchemaCreatorImpl.java:383) ~[hibernate-core-6.4.1.Final.jar:6.4.1.Final]
	at org.hibernate.tool.schema.internal.SchemaCreatorImpl.createSequencesTablesConstraints(SchemaCreatorImpl.java:351) ~[hibernate-core-6.4.1.Final.jar:6.4.1.Final]
	at org.hibernate.tool.schema.internal.SchemaCreatorImpl.createFromMetadata(SchemaCreatorImpl.java:239) ~[hibernate-core-6.4.1.Final.jar:6.4.1.Final]
	at org.hibernate.tool.schema.internal.SchemaCreatorImpl.performCreation(SchemaCreatorImpl.java:172) ~[hibernate-core-6.4.1.Final.jar:6.4.1.Final]
	at org.hibernate.tool.schema.internal.SchemaCreatorImpl.doCreation(SchemaCreatorImpl.java:142) ~[hibernate-core-6.4.1.Final.jar:6.4.1.Final]
	at org.hibernate.tool.schema.internal.SchemaCreatorImpl.doCreation(SchemaCreatorImpl.java:118) ~[hibernate-core-6.4.1.Final.jar:6.4.1.Final]
	at org.hibernate.tool.schema.spi.SchemaManagementToolCoordinator.performDatabaseAction(SchemaManagementToolCoordinator.java:256) ~[hibernate-core-6.4.1.Final.jar:6.4.1.Final]
	at org.hibernate.tool.schema.spi.SchemaManagementToolCoordinator.lambda$process$5(SchemaManagementToolCoordinator.java:145) ~[hibernate-core-6.4.1.Final.jar:6.4.1.Final]
	at java.base/java.util.HashMap.forEach(HashMap.java:1429) ~[na:na]
	at org.hibernate.tool.schema.spi.SchemaManagementToolCoordinator.process(SchemaManagementToolCoordinator.java:142) ~[hibernate-core-6.4.1.Final.jar:6.4.1.Final]
	at org.hibernate.boot.internal.SessionFactoryObserverForSchemaExport.sessionFactoryCreated(SessionFactoryObserverForSchemaExport.java:37) ~[hibernate-core-6.4.1.Final.jar:6.4.1.Final]
	at org.hibernate.internal.SessionFactoryObserverChain.sessionFactoryCreated(SessionFactoryObserverChain.java:35) ~[hibernate-core-6.4.1.Final.jar:6.4.1.Final]
	at org.hibernate.internal.SessionFactoryImpl.<init>(SessionFactoryImpl.java:315) ~[hibernate-core-6.4.1.Final.jar:6.4.1.Final]
	at org.hibernate.boot.internal.SessionFactoryBuilderImpl.build(SessionFactoryBuilderImpl.java:450) ~[hibernate-core-6.4.1.Final.jar:6.4.1.Final]
	at org.hibernate.jpa.boot.internal.EntityManagerFactoryBuilderImpl.build(EntityManagerFactoryBuilderImpl.java:1507) ~[hibernate-core-6.4.1.Final.jar:6.4.1.Final]
	at org.springframework.orm.jpa.vendor.SpringHibernateJpaPersistenceProvider.createContainerEntityManagerFactory(SpringHibernateJpaPersistenceProvider.java:75) ~[spring-orm-6.1.2.jar:6.1.2]
	at org.springframework.orm.jpa.LocalContainerEntityManagerFactoryBean.createNativeEntityManagerFactory(LocalContainerEntityManagerFactoryBean.java:376) ~[spring-orm-6.1.2.jar:6.1.2]
	at org.springframework.orm.jpa.AbstractEntityManagerFactoryBean.buildNativeEntityManagerFactory(AbstractEntityManagerFactoryBean.java:409) ~[spring-orm-6.1.2.jar:6.1.2]
	at org.springframework.orm.jpa.AbstractEntityManagerFactoryBean.afterPropertiesSet(AbstractEntityManagerFactoryBean.java:396) ~[spring-orm-6.1.2.jar:6.1.2]
	at org.springframework.orm.jpa.LocalContainerEntityManagerFactoryBean.afterPropertiesSet(LocalContainerEntityManagerFactoryBean.java:352) ~[spring-orm-6.1.2.jar:6.1.2]
	at org.springframework.beans.factory.support.AbstractAutowireCapableBeanFactory.invokeInitMethods(AbstractAutowireCapableBeanFactory.java:1820) ~[spring-beans-6.1.2.jar:6.1.2]
	at org.springframework.beans.factory.support.AbstractAutowireCapableBeanFactory.initializeBean(AbstractAutowireCapableBeanFactory.java:1769) ~[spring-beans-6.1.2.jar:6.1.2]
	at org.springframework.beans.factory.support.AbstractAutowireCapableBeanFactory.doCreateBean(AbstractAutowireCapableBeanFactory.java:599) ~[spring-beans-6.1.2.jar:6.1.2]
	at org.springframework.beans.factory.support.AbstractAutowireCapableBeanFactory.createBean(AbstractAutowireCapableBeanFactory.java:521) ~[spring-beans-6.1.2.jar:6.1.2]
	at org.springframework.beans.factory.support.AbstractBeanFactory.lambda$doGetBean$0(AbstractBeanFactory.java:325) ~[spring-beans-6.1.2.jar:6.1.2]
	at org.springframework.beans.factory.support.DefaultSingletonBeanRegistry.getSingleton(DefaultSingletonBeanRegistry.java:234) ~[spring-beans-6.1.2.jar:6.1.2]
	at org.springframework.beans.factory.support.AbstractBeanFactory.doGetBean(AbstractBeanFactory.java:323) ~[spring-beans-6.1.2.jar:6.1.2]
	at org.springframework.beans.factory.support.AbstractBeanFactory.getBean(AbstractBeanFactory.java:199) ~[spring-beans-6.1.2.jar:6.1.2]
	at org.springframework.context.support.AbstractApplicationContext.getBean(AbstractApplicationContext.java:1232) ~[spring-context-6.1.2.jar:6.1.2]
	at org.springframework.context.support.AbstractApplicationContext.finishBeanFactoryInitialization(AbstractApplicationContext.java:950) ~[spring-context-6.1.2.jar:6.1.2]
	at org.springframework.context.support.AbstractApplicationContext.refresh(AbstractApplicationContext.java:625) ~[spring-context-6.1.2.jar:6.1.2]
	at org.springframework.boot.web.servlet.context.ServletWebServerApplicationContext.refresh(ServletWebServerApplicationContext.java:146) ~[spring-boot-3.2.1.jar:3.2.1]
	at org.springframework.boot.SpringApplication.refresh(SpringApplication.java:762) ~[spring-boot-3.2.1.jar:3.2.1]
	at org.springframework.boot.SpringApplication.refreshContext(SpringApplication.java:464) ~[spring-boot-3.2.1.jar:3.2.1]
	at org.springframework.boot.SpringApplication.run(SpringApplication.java:334) ~[spring-boot-3.2.1.jar:3.2.1]
	at org.springframework.boot.SpringApplication.run(SpringApplication.java:1358) ~[spring-boot-3.2.1.jar:3.2.1]
	at org.springframework.boot.SpringApplication.run(SpringApplication.java:1347) ~[spring-boot-3.2.1.jar:3.2.1]
	at com.grocerystore.billing.GroceryBillingApplication.main(GroceryBillingApplication.java:21) ~[classes/:na]
Caused by: org.h2.jdbc.JdbcSQLSyntaxErrorException: Index "IDX_STATUS" already exists; SQL statement:

    create index idx_status 
       on payments (s [42111-224]
	at org.h2.message.DbException.getJdbcSQLException(DbException.java:514) ~[h2-2.2.224.jar:2.2.224]
	at org.h2.message.DbException.getJdbcSQLException(DbException.java:489) ~[h2-2.2.224.jar:2.2.224]
	at org.h2.message.DbException.get(DbException.java:223) ~[h2-2.2.224.jar:2.2.224]
	at org.h2.message.DbException.get(DbException.java:199) ~[h2-2.2.224.jar:2.2.224]
	at org.h2.command.ddl.CreateIndex.update(CreateIndex.java:76) ~[h2-2.2.224.jar:2.2.224]
	at org.h2.command.CommandContainer.update(CommandContainer.java:169) ~[h2-2.2.224.jar:2.2.224]
	at org.h2.command.Command.executeUpdate(Command.java:256) ~[h2-2.2.224.jar:2.2.224]
	at org.h2.jdbc.JdbcStatement.executeInternal(JdbcStatement.java:262) ~[h2-2.2.224.jar:2.2.224]
	at org.h2.jdbc.JdbcStatement.execute(JdbcStatement.java:231) ~[h2-2.2.224.jar:2.2.224]
	at com.zaxxer.hikari.pool.ProxyStatement.execute(ProxyStatement.java:94) ~[HikariCP-5.0.1.jar:na]
	at com.zaxxer.hikari.pool.HikariProxyStatement.execute(HikariProxyStatement.java) ~[HikariCP-5.0.1.jar:na]
	at org.hibernate.tool.schema.internal.exec.GenerationTargetToDatabase.accept(GenerationTargetToDatabase.java:80) ~[hibernate-core-6.4.1.Final.jar:6.4.1.Final]
	... 40 common frames omitted

2026-03-14T12:43:10.684+05:30 DEBUG 8228 --- [grocery-billing-system] [main] org.hibernate.SQL                        : 
    create index idx_reference_number 
       on payments (reference_number)
2026-03-14T12:43:10.686+05:30 DEBUG 8228 --- [grocery-billing-system] [main] org.hibernate.SQL                        : 
    create index idx_sku 
       on products (sku)
2026-03-14T12:43:10.687+05:30 DEBUG 8228 --- [grocery-billing-system] [main] org.hibernate.SQL                        : 
    create index idx_barcode 
       on products (barcode)
2026-03-14T12:43:10.689+05:30 DEBUG 8228 --- [grocery-billing-system] [main] org.hibernate.SQL                        : 
    create index idx_category_id 
       on products (category_id)
2026-03-14T12:43:10.691+05:30 DEBUG 8228 --- [grocery-billing-system] [main] org.hibernate.SQL                        : 
    create index idx_is_active 
       on products (is_active)
2026-03-14T12:43:10.694+05:30  WARN 8228 --- [grocery-billing-system] [main] o.h.t.s.i.ExceptionHandlerLoggedImpl     : GenerationTarget encountered exception accepting command : Error executing DDL "
    create index idx_is_active 
       on products (is_active)" via JDBC [Index "IDX_IS_ACTIVE" already exists;]

org.hibernate.tool.schema.spi.CommandAcceptanceException: Error executing DDL "
    create index idx_is_active 
       on products (is_active)" via JDBC [Index "IDX_IS_ACTIVE" already exists;]
	at org.hibernate.tool.schema.internal.exec.GenerationTargetToDatabase.accept(GenerationTargetToDatabase.java:94) ~[hibernate-core-6.4.1.Final.jar:6.4.1.Final]
	at org.hibernate.tool.schema.internal.Helper.applySqlString(Helper.java:233) ~[hibernate-core-6.4.1.Final.jar:6.4.1.Final]
	at org.hibernate.tool.schema.internal.Helper.applySqlStrings(Helper.java:217) ~[hibernate-core-6.4.1.Final.jar:6.4.1.Final]
	at org.hibernate.tool.schema.internal.SchemaCreatorImpl.createTableConstraints(SchemaCreatorImpl.java:383) ~[hibernate-core-6.4.1.Final.jar:6.4.1.Final]
	at org.hibernate.tool.schema.internal.SchemaCreatorImpl.createSequencesTablesConstraints(SchemaCreatorImpl.java:351) ~[hibernate-core-6.4.1.Final.jar:6.4.1.Final]
	at org.hibernate.tool.schema.internal.SchemaCreatorImpl.createFromMetadata(SchemaCreatorImpl.java:239) ~[hibernate-core-6.4.1.Final.jar:6.4.1.Final]
	at org.hibernate.tool.schema.internal.SchemaCreatorImpl.performCreation(SchemaCreatorImpl.java:172) ~[hibernate-core-6.4.1.Final.jar:6.4.1.Final]
	at org.hibernate.tool.schema.internal.SchemaCreatorImpl.doCreation(SchemaCreatorImpl.java:142) ~[hibernate-core-6.4.1.Final.jar:6.4.1.Final]
	at org.hibernate.tool.schema.internal.SchemaCreatorImpl.doCreation(SchemaCreatorImpl.java:118) ~[hibernate-core-6.4.1.Final.jar:6.4.1.Final]
	at org.hibernate.tool.schema.spi.SchemaManagementToolCoordinator.performDatabaseAction(SchemaManagementToolCoordinator.java:256) ~[hibernate-core-6.4.1.Final.jar:6.4.1.Final]
	at org.hibernate.tool.schema.spi.SchemaManagementToolCoordinator.lambda$process$5(SchemaManagementToolCoordinator.java:145) ~[hibernate-core-6.4.1.Final.jar:6.4.1.Final]
	at java.base/java.util.HashMap.forEach(HashMap.java:1429) ~[na:na]
	at org.hibernate.tool.schema.spi.SchemaManagementToolCoordinator.process(SchemaManagementToolCoordinator.java:142) ~[hibernate-core-6.4.1.Final.jar:6.4.1.Final]
	at org.hibernate.boot.internal.SessionFactoryObserverForSchemaExport.sessionFactoryCreated(SessionFactoryObserverForSchemaExport.java:37) ~[hibernate-core-6.4.1.Final.jar:6.4.1.Final]
	at org.hibernate.internal.SessionFactoryObserverChain.sessionFactoryCreated(SessionFactoryObserverChain.java:35) ~[hibernate-core-6.4.1.Final.jar:6.4.1.Final]
	at org.hibernate.internal.SessionFactoryImpl.<init>(SessionFactoryImpl.java:315) ~[hibernate-core-6.4.1.Final.jar:6.4.1.Final]
	at org.hibernate.boot.internal.SessionFactoryBuilderImpl.build(SessionFactoryBuilderImpl.java:450) ~[hibernate-core-6.4.1.Final.jar:6.4.1.Final]
	at org.hibernate.jpa.boot.internal.EntityManagerFactoryBuilderImpl.build(EntityManagerFactoryBuilderImpl.java:1507) ~[hibernate-core-6.4.1.Final.jar:6.4.1.Final]
	at org.springframework.orm.jpa.vendor.SpringHibernateJpaPersistenceProvider.createContainerEntityManagerFactory(SpringHibernateJpaPersistenceProvider.java:75) ~[spring-orm-6.1.2.jar:6.1.2]
	at org.springframework.orm.jpa.LocalContainerEntityManagerFactoryBean.createNativeEntityManagerFactory(LocalContainerEntityManagerFactoryBean.java:376) ~[spring-orm-6.1.2.jar:6.1.2]
	at org.springframework.orm.jpa.AbstractEntityManagerFactoryBean.buildNativeEntityManagerFactory(AbstractEntityManagerFactoryBean.java:409) ~[spring-orm-6.1.2.jar:6.1.2]
	at org.springframework.orm.jpa.AbstractEntityManagerFactoryBean.afterPropertiesSet(AbstractEntityManagerFactoryBean.java:396) ~[spring-orm-6.1.2.jar:6.1.2]
	at org.springframework.orm.jpa.LocalContainerEntityManagerFactoryBean.afterPropertiesSet(LocalContainerEntityManagerFactoryBean.java:352) ~[spring-orm-6.1.2.jar:6.1.2]
	at org.springframework.beans.factory.support.AbstractAutowireCapableBeanFactory.invokeInitMethods(AbstractAutowireCapableBeanFactory.java:1820) ~[spring-beans-6.1.2.jar:6.1.2]
	at org.springframework.beans.factory.support.AbstractAutowireCapableBeanFactory.initializeBean(AbstractAutowireCapableBeanFactory.java:1769) ~[spring-beans-6.1.2.jar:6.1.2]
	at org.springframework.beans.factory.support.AbstractAutowireCapableBeanFactory.doCreateBean(AbstractAutowireCapableBeanFactory.java:599) ~[spring-beans-6.1.2.jar:6.1.2]
	at org.springframework.beans.factory.support.AbstractAutowireCapableBeanFactory.createBean(AbstractAutowireCapableBeanFactory.java:521) ~[spring-beans-6.1.2.jar:6.1.2]
	at org.springframework.beans.factory.support.AbstractBeanFactory.lambda$doGetBean$0(AbstractBeanFactory.java:325) ~[spring-beans-6.1.2.jar:6.1.2]
	at org.springframework.beans.factory.support.DefaultSingletonBeanRegistry.getSingleton(DefaultSingletonBeanRegistry.java:234) ~[spring-beans-6.1.2.jar:6.1.2]
	at org.springframework.beans.factory.support.AbstractBeanFactory.doGetBean(AbstractBeanFactory.java:323) ~[spring-beans-6.1.2.jar:6.1.2]
	at org.springframework.beans.factory.support.AbstractBeanFactory.getBean(AbstractBeanFactory.java:199) ~[spring-beans-6.1.2.jar:6.1.2]
	at org.springframework.context.support.AbstractApplicationContext.getBean(AbstractApplicationContext.java:1232) ~[spring-context-6.1.2.jar:6.1.2]
	at org.springframework.context.support.AbstractApplicationContext.finishBeanFactoryInitialization(AbstractApplicationContext.java:950) ~[spring-context-6.1.2.jar:6.1.2]
	at org.springframework.context.support.AbstractApplicationContext.refresh(AbstractApplicationContext.java:625) ~[spring-context-6.1.2.jar:6.1.2]
	at org.springframework.boot.web.servlet.context.ServletWebServerApplicationContext.refresh(ServletWebServerApplicationContext.java:146) ~[spring-boot-3.2.1.jar:3.2.1]
	at org.springframework.boot.SpringApplication.refresh(SpringApplication.java:762) ~[spring-boot-3.2.1.jar:3.2.1]
	at org.springframework.boot.SpringApplication.refreshContext(SpringApplication.java:464) ~[spring-boot-3.2.1.jar:3.2.1]
	at org.springframework.boot.SpringApplication.run(SpringApplication.java:334) ~[spring-boot-3.2.1.jar:3.2.1]
	at org.springframework.boot.SpringApplication.run(SpringApplication.java:1358) ~[spring-boot-3.2.1.jar:3.2.1]
	at org.springframework.boot.SpringApplication.run(SpringApplication.java:1347) ~[spring-boot-3.2.1.jar:3.2.1]
	at com.grocerystore.billing.GroceryBillingApplication.main(GroceryBillingApplication.java:21) ~[classes/:na]
Caused by: org.h2.jdbc.JdbcSQLSyntaxErrorException: Index "IDX_IS_ACTIVE" already exists; SQL statement:

    create index idx_is_active 
       on products (is_a [42111-224]
	at org.h2.message.DbException.getJdbcSQLException(DbException.java:514) ~[h2-2.2.224.jar:2.2.224]
	at org.h2.message.DbException.getJdbcSQLException(DbException.java:489) ~[h2-2.2.224.jar:2.2.224]
	at org.h2.message.DbException.get(DbException.java:223) ~[h2-2.2.224.jar:2.2.224]
	at org.h2.message.DbException.get(DbException.java:199) ~[h2-2.2.224.jar:2.2.224]
	at org.h2.command.ddl.CreateIndex.update(CreateIndex.java:76) ~[h2-2.2.224.jar:2.2.224]
	at org.h2.command.CommandContainer.update(CommandContainer.java:169) ~[h2-2.2.224.jar:2.2.224]
	at org.h2.command.Command.executeUpdate(Command.java:256) ~[h2-2.2.224.jar:2.2.224]
	at org.h2.jdbc.JdbcStatement.executeInternal(JdbcStatement.java:262) ~[h2-2.2.224.jar:2.2.224]
	at org.h2.jdbc.JdbcStatement.execute(JdbcStatement.java:231) ~[h2-2.2.224.jar:2.2.224]
	at com.zaxxer.hikari.pool.ProxyStatement.execute(ProxyStatement.java:94) ~[HikariCP-5.0.1.jar:na]
	at com.zaxxer.hikari.pool.HikariProxyStatement.execute(HikariProxyStatement.java) ~[HikariCP-5.0.1.jar:na]
	at org.hibernate.tool.schema.internal.exec.GenerationTargetToDatabase.accept(GenerationTargetToDatabase.java:80) ~[hibernate-core-6.4.1.Final.jar:6.4.1.Final]
	... 40 common frames omitted

2026-03-14T12:43:10.733+05:30 DEBUG 8228 --- [grocery-billing-system] [main] org.hibernate.SQL                        : 
    create index idx_name 
       on suppliers (name)
2026-03-14T12:43:10.734+05:30  WARN 8228 --- [grocery-billing-system] [main] o.h.t.s.i.ExceptionHandlerLoggedImpl     : GenerationTarget encountered exception accepting command : Error executing DDL "
    create index idx_name 
       on suppliers (name)" via JDBC [Index "IDX_NAME" already exists;]

org.hibernate.tool.schema.spi.CommandAcceptanceException: Error executing DDL "
    create index idx_name 
       on suppliers (name)" via JDBC [Index "IDX_NAME" already exists;]
	at org.hibernate.tool.schema.internal.exec.GenerationTargetToDatabase.accept(GenerationTargetToDatabase.java:94) ~[hibernate-core-6.4.1.Final.jar:6.4.1.Final]
	at org.hibernate.tool.schema.internal.Helper.applySqlString(Helper.java:233) ~[hibernate-core-6.4.1.Final.jar:6.4.1.Final]
	at org.hibernate.tool.schema.internal.Helper.applySqlStrings(Helper.java:217) ~[hibernate-core-6.4.1.Final.jar:6.4.1.Final]
	at org.hibernate.tool.schema.internal.SchemaCreatorImpl.createTableConstraints(SchemaCreatorImpl.java:383) ~[hibernate-core-6.4.1.Final.jar:6.4.1.Final]
	at org.hibernate.tool.schema.internal.SchemaCreatorImpl.createSequencesTablesConstraints(SchemaCreatorImpl.java:351) ~[hibernate-core-6.4.1.Final.jar:6.4.1.Final]
	at org.hibernate.tool.schema.internal.SchemaCreatorImpl.createFromMetadata(SchemaCreatorImpl.java:239) ~[hibernate-core-6.4.1.Final.jar:6.4.1.Final]
	at org.hibernate.tool.schema.internal.SchemaCreatorImpl.performCreation(SchemaCreatorImpl.java:172) ~[hibernate-core-6.4.1.Final.jar:6.4.1.Final]
	at org.hibernate.tool.schema.internal.SchemaCreatorImpl.doCreation(SchemaCreatorImpl.java:142) ~[hibernate-core-6.4.1.Final.jar:6.4.1.Final]
	at org.hibernate.tool.schema.internal.SchemaCreatorImpl.doCreation(SchemaCreatorImpl.java:118) ~[hibernate-core-6.4.1.Final.jar:6.4.1.Final]
	at org.hibernate.tool.schema.spi.SchemaManagementToolCoordinator.performDatabaseAction(SchemaManagementToolCoordinator.java:256) ~[hibernate-core-6.4.1.Final.jar:6.4.1.Final]
	at org.hibernate.tool.schema.spi.SchemaManagementToolCoordinator.lambda$process$5(SchemaManagementToolCoordinator.java:145) ~[hibernate-core-6.4.1.Final.jar:6.4.1.Final]
	at java.base/java.util.HashMap.forEach(HashMap.java:1429) ~[na:na]
	at org.hibernate.tool.schema.spi.SchemaManagementToolCoordinator.process(SchemaManagementToolCoordinator.java:142) ~[hibernate-core-6.4.1.Final.jar:6.4.1.Final]
	at org.hibernate.boot.internal.SessionFactoryObserverForSchemaExport.sessionFactoryCreated(SessionFactoryObserverForSchemaExport.java:37) ~[hibernate-core-6.4.1.Final.jar:6.4.1.Final]
	at org.hibernate.internal.SessionFactoryObserverChain.sessionFactoryCreated(SessionFactoryObserverChain.java:35) ~[hibernate-core-6.4.1.Final.jar:6.4.1.Final]
	at org.hibernate.internal.SessionFactoryImpl.<init>(SessionFactoryImpl.java:315) ~[hibernate-core-6.4.1.Final.jar:6.4.1.Final]
	at org.hibernate.boot.internal.SessionFactoryBuilderImpl.build(SessionFactoryBuilderImpl.java:450) ~[hibernate-core-6.4.1.Final.jar:6.4.1.Final]
	at org.hibernate.jpa.boot.internal.EntityManagerFactoryBuilderImpl.build(EntityManagerFactoryBuilderImpl.java:1507) ~[hibernate-core-6.4.1.Final.jar:6.4.1.Final]
	at org.springframework.orm.jpa.vendor.SpringHibernateJpaPersistenceProvider.createContainerEntityManagerFactory(SpringHibernateJpaPersistenceProvider.java:75) ~[spring-orm-6.1.2.jar:6.1.2]
	at org.springframework.orm.jpa.LocalContainerEntityManagerFactoryBean.createNativeEntityManagerFactory(LocalContainerEntityManagerFactoryBean.java:376) ~[spring-orm-6.1.2.jar:6.1.2]
	at org.springframework.orm.jpa.AbstractEntityManagerFactoryBean.buildNativeEntityManagerFactory(AbstractEntityManagerFactoryBean.java:409) ~[spring-orm-6.1.2.jar:6.1.2]
	at org.springframework.orm.jpa.AbstractEntityManagerFactoryBean.afterPropertiesSet(AbstractEntityManagerFactoryBean.java:396) ~[spring-orm-6.1.2.jar:6.1.2]
	at org.springframework.orm.jpa.LocalContainerEntityManagerFactoryBean.afterPropertiesSet(LocalContainerEntityManagerFactoryBean.java:352) ~[spring-orm-6.1.2.jar:6.1.2]
	at org.springframework.beans.factory.support.AbstractAutowireCapableBeanFactory.invokeInitMethods(AbstractAutowireCapableBeanFactory.java:1820) ~[spring-beans-6.1.2.jar:6.1.2]
	at org.springframework.beans.factory.support.AbstractAutowireCapableBeanFactory.initializeBean(AbstractAutowireCapableBeanFactory.java:1769) ~[spring-beans-6.1.2.jar:6.1.2]
	at org.springframework.beans.factory.support.AbstractAutowireCapableBeanFactory.doCreateBean(AbstractAutowireCapableBeanFactory.java:599) ~[spring-beans-6.1.2.jar:6.1.2]
	at org.springframework.beans.factory.support.AbstractAutowireCapableBeanFactory.createBean(AbstractAutowireCapableBeanFactory.java:521) ~[spring-beans-6.1.2.jar:6.1.2]
	at org.springframework.beans.factory.support.AbstractBeanFactory.lambda$doGetBean$0(AbstractBeanFactory.java:325) ~[spring-beans-6.1.2.jar:6.1.2]
	at org.springframework.beans.factory.support.DefaultSingletonBeanRegistry.getSingleton(DefaultSingletonBeanRegistry.java:234) ~[spring-beans-6.1.2.jar:6.1.2]
	at org.springframework.beans.factory.support.AbstractBeanFactory.doGetBean(AbstractBeanFactory.java:323) ~[spring-beans-6.1.2.jar:6.1.2]
	at org.springframework.beans.factory.support.AbstractBeanFactory.getBean(AbstractBeanFactory.java:199) ~[spring-beans-6.1.2.jar:6.1.2]
	at org.springframework.context.support.AbstractApplicationContext.getBean(AbstractApplicationContext.java:1232) ~[spring-context-6.1.2.jar:6.1.2]
	at org.springframework.context.support.AbstractApplicationContext.finishBeanFactoryInitialization(AbstractApplicationContext.java:950) ~[spring-context-6.1.2.jar:6.1.2]
	at org.springframework.context.support.AbstractApplicationContext.refresh(AbstractApplicationContext.java:625) ~[spring-context-6.1.2.jar:6.1.2]
	at org.springframework.boot.web.servlet.context.ServletWebServerApplicationContext.refresh(ServletWebServerApplicationContext.java:146) ~[spring-boot-3.2.1.jar:3.2.1]
	at org.springframework.boot.SpringApplication.refresh(SpringApplication.java:762) ~[spring-boot-3.2.1.jar:3.2.1]
	at org.springframework.boot.SpringApplication.refreshContext(SpringApplication.java:464) ~[spring-boot-3.2.1.jar:3.2.1]
	at org.springframework.boot.SpringApplication.run(SpringApplication.java:334) ~[spring-boot-3.2.1.jar:3.2.1]
	at org.springframework.boot.SpringApplication.run(SpringApplication.java:1358) ~[spring-boot-3.2.1.jar:3.2.1]
	at org.springframework.boot.SpringApplication.run(SpringApplication.java:1347) ~[spring-boot-3.2.1.jar:3.2.1]
	at com.grocerystore.billing.GroceryBillingApplication.main(GroceryBillingApplication.java:21) ~[classes/:na]
Caused by: org.h2.jdbc.JdbcSQLSyntaxErrorException: Index "IDX_NAME" already exists; SQL statement:

    create index idx_name 
       on suppliers  [42111-224]
	at org.h2.message.DbException.getJdbcSQLException(DbException.java:514) ~[h2-2.2.224.jar:2.2.224]
	at org.h2.message.DbException.getJdbcSQLException(DbException.java:489) ~[h2-2.2.224.jar:2.2.224]
	at org.h2.message.DbException.get(DbException.java:223) ~[h2-2.2.224.jar:2.2.224]
	at org.h2.message.DbException.get(DbException.java:199) ~[h2-2.2.224.jar:2.2.224]
	at org.h2.command.ddl.CreateIndex.update(CreateIndex.java:76) ~[h2-2.2.224.jar:2.2.224]
	at org.h2.command.CommandContainer.update(CommandContainer.java:169) ~[h2-2.2.224.jar:2.2.224]
	at org.h2.command.Command.executeUpdate(Command.java:256) ~[h2-2.2.224.jar:2.2.224]
	at org.h2.jdbc.JdbcStatement.executeInternal(JdbcStatement.java:262) ~[h2-2.2.224.jar:2.2.224]
	at org.h2.jdbc.JdbcStatement.execute(JdbcStatement.java:231) ~[h2-2.2.224.jar:2.2.224]
	at com.zaxxer.hikari.pool.ProxyStatement.execute(ProxyStatement.java:94) ~[HikariCP-5.0.1.jar:na]
	at com.zaxxer.hikari.pool.HikariProxyStatement.execute(HikariProxyStatement.java) ~[HikariCP-5.0.1.jar:na]
	at org.hibernate.tool.schema.internal.exec.GenerationTargetToDatabase.accept(GenerationTargetToDatabase.java:80) ~[hibernate-core-6.4.1.Final.jar:6.4.1.Final]
	... 40 common frames omitted

2026-03-14T12:43:10.762+05:30 DEBUG 8228 --- [grocery-billing-system] [main] org.hibernate.SQL                        : 
    create index idx_is_active 
       on suppliers (is_active)
2026-03-14T12:43:10.764+05:30  WARN 8228 --- [grocery-billing-system] [main] o.h.t.s.i.ExceptionHandlerLoggedImpl     : GenerationTarget encountered exception accepting command : Error executing DDL "
    create index idx_is_active 
       on suppliers (is_active)" via JDBC [Index "IDX_IS_ACTIVE" already exists;]

org.hibernate.tool.schema.spi.CommandAcceptanceException: Error executing DDL "
    create index idx_is_active 
       on suppliers (is_active)" via JDBC [Index "IDX_IS_ACTIVE" already exists;]
	at org.hibernate.tool.schema.internal.exec.GenerationTargetToDatabase.accept(GenerationTargetToDatabase.java:94) ~[hibernate-core-6.4.1.Final.jar:6.4.1.Final]
	at org.hibernate.tool.schema.internal.Helper.applySqlString(Helper.java:233) ~[hibernate-core-6.4.1.Final.jar:6.4.1.Final]
	at org.hibernate.tool.schema.internal.Helper.applySqlStrings(Helper.java:217) ~[hibernate-core-6.4.1.Final.jar:6.4.1.Final]
	at org.hibernate.tool.schema.internal.SchemaCreatorImpl.createTableConstraints(SchemaCreatorImpl.java:383) ~[hibernate-core-6.4.1.Final.jar:6.4.1.Final]
	at org.hibernate.tool.schema.internal.SchemaCreatorImpl.createSequencesTablesConstraints(SchemaCreatorImpl.java:351) ~[hibernate-core-6.4.1.Final.jar:6.4.1.Final]
	at org.hibernate.tool.schema.internal.SchemaCreatorImpl.createFromMetadata(SchemaCreatorImpl.java:239) ~[hibernate-core-6.4.1.Final.jar:6.4.1.Final]
	at org.hibernate.tool.schema.internal.SchemaCreatorImpl.performCreation(SchemaCreatorImpl.java:172) ~[hibernate-core-6.4.1.Final.jar:6.4.1.Final]
	at org.hibernate.tool.schema.internal.SchemaCreatorImpl.doCreation(SchemaCreatorImpl.java:142) ~[hibernate-core-6.4.1.Final.jar:6.4.1.Final]
	at org.hibernate.tool.schema.internal.SchemaCreatorImpl.doCreation(SchemaCreatorImpl.java:118) ~[hibernate-core-6.4.1.Final.jar:6.4.1.Final]
	at org.hibernate.tool.schema.spi.SchemaManagementToolCoordinator.performDatabaseAction(SchemaManagementToolCoordinator.java:256) ~[hibernate-core-6.4.1.Final.jar:6.4.1.Final]
	at org.hibernate.tool.schema.spi.SchemaManagementToolCoordinator.lambda$process$5(SchemaManagementToolCoordinator.java:145) ~[hibernate-core-6.4.1.Final.jar:6.4.1.Final]
	at java.base/java.util.HashMap.forEach(HashMap.java:1429) ~[na:na]
	at org.hibernate.tool.schema.spi.SchemaManagementToolCoordinator.process(SchemaManagementToolCoordinator.java:142) ~[hibernate-core-6.4.1.Final.jar:6.4.1.Final]
	at org.hibernate.boot.internal.SessionFactoryObserverForSchemaExport.sessionFactoryCreated(SessionFactoryObserverForSchemaExport.java:37) ~[hibernate-core-6.4.1.Final.jar:6.4.1.Final]
	at org.hibernate.internal.SessionFactoryObserverChain.sessionFactoryCreated(SessionFactoryObserverChain.java:35) ~[hibernate-core-6.4.1.Final.jar:6.4.1.Final]
	at org.hibernate.internal.SessionFactoryImpl.<init>(SessionFactoryImpl.java:315) ~[hibernate-core-6.4.1.Final.jar:6.4.1.Final]
	at org.hibernate.boot.internal.SessionFactoryBuilderImpl.build(SessionFactoryBuilderImpl.java:450) ~[hibernate-core-6.4.1.Final.jar:6.4.1.Final]
	at org.hibernate.jpa.boot.internal.EntityManagerFactoryBuilderImpl.build(EntityManagerFactoryBuilderImpl.java:1507) ~[hibernate-core-6.4.1.Final.jar:6.4.1.Final]
	at org.springframework.orm.jpa.vendor.SpringHibernateJpaPersistenceProvider.createContainerEntityManagerFactory(SpringHibernateJpaPersistenceProvider.java:75) ~[spring-orm-6.1.2.jar:6.1.2]
	at org.springframework.orm.jpa.LocalContainerEntityManagerFactoryBean.createNativeEntityManagerFactory(LocalContainerEntityManagerFactoryBean.java:376) ~[spring-orm-6.1.2.jar:6.1.2]
	at org.springframework.orm.jpa.AbstractEntityManagerFactoryBean.buildNativeEntityManagerFactory(AbstractEntityManagerFactoryBean.java:409) ~[spring-orm-6.1.2.jar:6.1.2]
	at org.springframework.orm.jpa.AbstractEntityManagerFactoryBean.afterPropertiesSet(AbstractEntityManagerFactoryBean.java:396) ~[spring-orm-6.1.2.jar:6.1.2]
	at org.springframework.orm.jpa.LocalContainerEntityManagerFactoryBean.afterPropertiesSet(LocalContainerEntityManagerFactoryBean.java:352) ~[spring-orm-6.1.2.jar:6.1.2]
	at org.springframework.beans.factory.support.AbstractAutowireCapableBeanFactory.invokeInitMethods(AbstractAutowireCapableBeanFactory.java:1820) ~[spring-beans-6.1.2.jar:6.1.2]
	at org.springframework.beans.factory.support.AbstractAutowireCapableBeanFactory.initializeBean(AbstractAutowireCapableBeanFactory.java:1769) ~[spring-beans-6.1.2.jar:6.1.2]
	at org.springframework.beans.factory.support.AbstractAutowireCapableBeanFactory.doCreateBean(AbstractAutowireCapableBeanFactory.java:599) ~[spring-beans-6.1.2.jar:6.1.2]
	at org.springframework.beans.factory.support.AbstractAutowireCapableBeanFactory.createBean(AbstractAutowireCapableBeanFactory.java:521) ~[spring-beans-6.1.2.jar:6.1.2]
	at org.springframework.beans.factory.support.AbstractBeanFactory.lambda$doGetBean$0(AbstractBeanFactory.java:325) ~[spring-beans-6.1.2.jar:6.1.2]
	at org.springframework.beans.factory.support.DefaultSingletonBeanRegistry.getSingleton(DefaultSingletonBeanRegistry.java:234) ~[spring-beans-6.1.2.jar:6.1.2]
	at org.springframework.beans.factory.support.AbstractBeanFactory.doGetBean(AbstractBeanFactory.java:323) ~[spring-beans-6.1.2.jar:6.1.2]
	at org.springframework.beans.factory.support.AbstractBeanFactory.getBean(AbstractBeanFactory.java:199) ~[spring-beans-6.1.2.jar:6.1.2]
	at org.springframework.context.support.AbstractApplicationContext.getBean(AbstractApplicationContext.java:1232) ~[spring-context-6.1.2.jar:6.1.2]
	at org.springframework.context.support.AbstractApplicationContext.finishBeanFactoryInitialization(AbstractApplicationContext.java:950) ~[spring-context-6.1.2.jar:6.1.2]
	at org.springframework.context.support.AbstractApplicationContext.refresh(AbstractApplicationContext.java:625) ~[spring-context-6.1.2.jar:6.1.2]
	at org.springframework.boot.web.servlet.context.ServletWebServerApplicationContext.refresh(ServletWebServerApplicationContext.java:146) ~[spring-boot-3.2.1.jar:3.2.1]
	at org.springframework.boot.SpringApplication.refresh(SpringApplication.java:762) ~[spring-boot-3.2.1.jar:3.2.1]
	at org.springframework.boot.SpringApplication.refreshContext(SpringApplication.java:464) ~[spring-boot-3.2.1.jar:3.2.1]
	at org.springframework.boot.SpringApplication.run(SpringApplication.java:334) ~[spring-boot-3.2.1.jar:3.2.1]
	at org.springframework.boot.SpringApplication.run(SpringApplication.java:1358) ~[spring-boot-3.2.1.jar:3.2.1]
	at org.springframework.boot.SpringApplication.run(SpringApplication.java:1347) ~[spring-boot-3.2.1.jar:3.2.1]
	at com.grocerystore.billing.GroceryBillingApplication.main(GroceryBillingApplication.java:21) ~[classes/:na]
Caused by: org.h2.jdbc.JdbcSQLSyntaxErrorException: Index "IDX_IS_ACTIVE" already exists; SQL statement:

    create index idx_is_active 
       on suppliers (is_a [42111-224]
	at org.h2.message.DbException.getJdbcSQLException(DbException.java:514) ~[h2-2.2.224.jar:2.2.224]
	at org.h2.message.DbException.getJdbcSQLException(DbException.java:489) ~[h2-2.2.224.jar:2.2.224]
	at org.h2.message.DbException.get(DbException.java:223) ~[h2-2.2.224.jar:2.2.224]
	at org.h2.message.DbException.get(DbException.java:199) ~[h2-2.2.224.jar:2.2.224]
	at org.h2.command.ddl.CreateIndex.update(CreateIndex.java:76) ~[h2-2.2.224.jar:2.2.224]
	at org.h2.command.CommandContainer.update(CommandContainer.java:169) ~[h2-2.2.224.jar:2.2.224]
	at org.h2.command.Command.executeUpdate(Command.java:256) ~[h2-2.2.224.jar:2.2.224]
	at org.h2.jdbc.JdbcStatement.executeInternal(JdbcStatement.java:262) ~[h2-2.2.224.jar:2.2.224]
	at org.h2.jdbc.JdbcStatement.execute(JdbcStatement.java:231) ~[h2-2.2.224.jar:2.2.224]
	at com.zaxxer.hikari.pool.ProxyStatement.execute(ProxyStatement.java:94) ~[HikariCP-5.0.1.jar:na]
	at com.zaxxer.hikari.pool.HikariProxyStatement.execute(HikariProxyStatement.java) ~[HikariCP-5.0.1.jar:na]
	at org.hibernate.tool.schema.internal.exec.GenerationTargetToDatabase.accept(GenerationTargetToDatabase.java:80) ~[hibernate-core-6.4.1.Final.jar:6.4.1.Final]
	... 40 common frames omitted

2026-03-14T12:43:10.787+05:30 DEBUG 8228 --- [grocery-billing-system] [main] org.hibernate.SQL                        : 
    create index idx_city 
       on suppliers (city)
2026-03-14T12:43:10.788+05:30 DEBUG 8228 --- [grocery-billing-system] [main] org.hibernate.SQL                        : 
    create index idx_username 
       on users (username)
2026-03-14T12:43:10.789+05:30 DEBUG 8228 --- [grocery-billing-system] [main] org.hibernate.SQL                        : 
    create index idx_email 
       on users (email)
2026-03-14T12:43:10.790+05:30  WARN 8228 --- [grocery-billing-system] [main] o.h.t.s.i.ExceptionHandlerLoggedImpl     : GenerationTarget encountered exception accepting command : Error executing DDL "
    create index idx_email 
       on users (email)" via JDBC [Index "IDX_EMAIL" already exists;]

org.hibernate.tool.schema.spi.CommandAcceptanceException: Error executing DDL "
    create index idx_email 
       on users (email)" via JDBC [Index "IDX_EMAIL" already exists;]
	at org.hibernate.tool.schema.internal.exec.GenerationTargetToDatabase.accept(GenerationTargetToDatabase.java:94) ~[hibernate-core-6.4.1.Final.jar:6.4.1.Final]
	at org.hibernate.tool.schema.internal.Helper.applySqlString(Helper.java:233) ~[hibernate-core-6.4.1.Final.jar:6.4.1.Final]
	at org.hibernate.tool.schema.internal.Helper.applySqlStrings(Helper.java:217) ~[hibernate-core-6.4.1.Final.jar:6.4.1.Final]
	at org.hibernate.tool.schema.internal.SchemaCreatorImpl.createTableConstraints(SchemaCreatorImpl.java:383) ~[hibernate-core-6.4.1.Final.jar:6.4.1.Final]
	at org.hibernate.tool.schema.internal.SchemaCreatorImpl.createSequencesTablesConstraints(SchemaCreatorImpl.java:351) ~[hibernate-core-6.4.1.Final.jar:6.4.1.Final]
	at org.hibernate.tool.schema.internal.SchemaCreatorImpl.createFromMetadata(SchemaCreatorImpl.java:239) ~[hibernate-core-6.4.1.Final.jar:6.4.1.Final]
	at org.hibernate.tool.schema.internal.SchemaCreatorImpl.performCreation(SchemaCreatorImpl.java:172) ~[hibernate-core-6.4.1.Final.jar:6.4.1.Final]
	at org.hibernate.tool.schema.internal.SchemaCreatorImpl.doCreation(SchemaCreatorImpl.java:142) ~[hibernate-core-6.4.1.Final.jar:6.4.1.Final]
	at org.hibernate.tool.schema.internal.SchemaCreatorImpl.doCreation(SchemaCreatorImpl.java:118) ~[hibernate-core-6.4.1.Final.jar:6.4.1.Final]
	at org.hibernate.tool.schema.spi.SchemaManagementToolCoordinator.performDatabaseAction(SchemaManagementToolCoordinator.java:256) ~[hibernate-core-6.4.1.Final.jar:6.4.1.Final]
	at org.hibernate.tool.schema.spi.SchemaManagementToolCoordinator.lambda$process$5(SchemaManagementToolCoordinator.java:145) ~[hibernate-core-6.4.1.Final.jar:6.4.1.Final]
	at java.base/java.util.HashMap.forEach(HashMap.java:1429) ~[na:na]
	at org.hibernate.tool.schema.spi.SchemaManagementToolCoordinator.process(SchemaManagementToolCoordinator.java:142) ~[hibernate-core-6.4.1.Final.jar:6.4.1.Final]
	at org.hibernate.boot.internal.SessionFactoryObserverForSchemaExport.sessionFactoryCreated(SessionFactoryObserverForSchemaExport.java:37) ~[hibernate-core-6.4.1.Final.jar:6.4.1.Final]
	at org.hibernate.internal.SessionFactoryObserverChain.sessionFactoryCreated(SessionFactoryObserverChain.java:35) ~[hibernate-core-6.4.1.Final.jar:6.4.1.Final]
	at org.hibernate.internal.SessionFactoryImpl.<init>(SessionFactoryImpl.java:315) ~[hibernate-core-6.4.1.Final.jar:6.4.1.Final]
	at org.hibernate.boot.internal.SessionFactoryBuilderImpl.build(SessionFactoryBuilderImpl.java:450) ~[hibernate-core-6.4.1.Final.jar:6.4.1.Final]
	at org.hibernate.jpa.boot.internal.EntityManagerFactoryBuilderImpl.build(EntityManagerFactoryBuilderImpl.java:1507) ~[hibernate-core-6.4.1.Final.jar:6.4.1.Final]
	at org.springframework.orm.jpa.vendor.SpringHibernateJpaPersistenceProvider.createContainerEntityManagerFactory(SpringHibernateJpaPersistenceProvider.java:75) ~[spring-orm-6.1.2.jar:6.1.2]
	at org.springframework.orm.jpa.LocalContainerEntityManagerFactoryBean.createNativeEntityManagerFactory(LocalContainerEntityManagerFactoryBean.java:376) ~[spring-orm-6.1.2.jar:6.1.2]
	at org.springframework.orm.jpa.AbstractEntityManagerFactoryBean.buildNativeEntityManagerFactory(AbstractEntityManagerFactoryBean.java:409) ~[spring-orm-6.1.2.jar:6.1.2]
	at org.springframework.orm.jpa.AbstractEntityManagerFactoryBean.afterPropertiesSet(AbstractEntityManagerFactoryBean.java:396) ~[spring-orm-6.1.2.jar:6.1.2]
	at org.springframework.orm.jpa.LocalContainerEntityManagerFactoryBean.afterPropertiesSet(LocalContainerEntityManagerFactoryBean.java:352) ~[spring-orm-6.1.2.jar:6.1.2]
	at org.springframework.beans.factory.support.AbstractAutowireCapableBeanFactory.invokeInitMethods(AbstractAutowireCapableBeanFactory.java:1820) ~[spring-beans-6.1.2.jar:6.1.2]
	at org.springframework.beans.factory.support.AbstractAutowireCapableBeanFactory.initializeBean(AbstractAutowireCapableBeanFactory.java:1769) ~[spring-beans-6.1.2.jar:6.1.2]
	at org.springframework.beans.factory.support.AbstractAutowireCapableBeanFactory.doCreateBean(AbstractAutowireCapableBeanFactory.java:599) ~[spring-beans-6.1.2.jar:6.1.2]
	at org.springframework.beans.factory.support.AbstractAutowireCapableBeanFactory.createBean(AbstractAutowireCapableBeanFactory.java:521) ~[spring-beans-6.1.2.jar:6.1.2]
	at org.springframework.beans.factory.support.AbstractBeanFactory.lambda$doGetBean$0(AbstractBeanFactory.java:325) ~[spring-beans-6.1.2.jar:6.1.2]
	at org.springframework.beans.factory.support.DefaultSingletonBeanRegistry.getSingleton(DefaultSingletonBeanRegistry.java:234) ~[spring-beans-6.1.2.jar:6.1.2]
	at org.springframework.beans.factory.support.AbstractBeanFactory.doGetBean(AbstractBeanFactory.java:323) ~[spring-beans-6.1.2.jar:6.1.2]
	at org.springframework.beans.factory.support.AbstractBeanFactory.getBean(AbstractBeanFactory.java:199) ~[spring-beans-6.1.2.jar:6.1.2]
	at org.springframework.context.support.AbstractApplicationContext.getBean(AbstractApplicationContext.java:1232) ~[spring-context-6.1.2.jar:6.1.2]
	at org.springframework.context.support.AbstractApplicationContext.finishBeanFactoryInitialization(AbstractApplicationContext.java:950) ~[spring-context-6.1.2.jar:6.1.2]
	at org.springframework.context.support.AbstractApplicationContext.refresh(AbstractApplicationContext.java:625) ~[spring-context-6.1.2.jar:6.1.2]
	at org.springframework.boot.web.servlet.context.ServletWebServerApplicationContext.refresh(ServletWebServerApplicationContext.java:146) ~[spring-boot-3.2.1.jar:3.2.1]
	at org.springframework.boot.SpringApplication.refresh(SpringApplication.java:762) ~[spring-boot-3.2.1.jar:3.2.1]
	at org.springframework.boot.SpringApplication.refreshContext(SpringApplication.java:464) ~[spring-boot-3.2.1.jar:3.2.1]
	at org.springframework.boot.SpringApplication.run(SpringApplication.java:334) ~[spring-boot-3.2.1.jar:3.2.1]
	at org.springframework.boot.SpringApplication.run(SpringApplication.java:1358) ~[spring-boot-3.2.1.jar:3.2.1]
	at org.springframework.boot.SpringApplication.run(SpringApplication.java:1347) ~[spring-boot-3.2.1.jar:3.2.1]
	at com.grocerystore.billing.GroceryBillingApplication.main(GroceryBillingApplication.java:21) ~[classes/:na]
Caused by: org.h2.jdbc.JdbcSQLSyntaxErrorException: Index "IDX_EMAIL" already exists; SQL statement:

    create index idx_email 
       on users ( [42111-224]
	at org.h2.message.DbException.getJdbcSQLException(DbException.java:514) ~[h2-2.2.224.jar:2.2.224]
	at org.h2.message.DbException.getJdbcSQLException(DbException.java:489) ~[h2-2.2.224.jar:2.2.224]
	at org.h2.message.DbException.get(DbException.java:223) ~[h2-2.2.224.jar:2.2.224]
	at org.h2.message.DbException.get(DbException.java:199) ~[h2-2.2.224.jar:2.2.224]
	at org.h2.command.ddl.CreateIndex.update(CreateIndex.java:76) ~[h2-2.2.224.jar:2.2.224]
	at org.h2.command.CommandContainer.update(CommandContainer.java:169) ~[h2-2.2.224.jar:2.2.224]
	at org.h2.command.Command.executeUpdate(Command.java:256) ~[h2-2.2.224.jar:2.2.224]
	at org.h2.jdbc.JdbcStatement.executeInternal(JdbcStatement.java:262) ~[h2-2.2.224.jar:2.2.224]
	at org.h2.jdbc.JdbcStatement.execute(JdbcStatement.java:231) ~[h2-2.2.224.jar:2.2.224]
	at com.zaxxer.hikari.pool.ProxyStatement.execute(ProxyStatement.java:94) ~[HikariCP-5.0.1.jar:na]
	at com.zaxxer.hikari.pool.HikariProxyStatement.execute(HikariProxyStatement.java) ~[HikariCP-5.0.1.jar:na]
	at org.hibernate.tool.schema.internal.exec.GenerationTargetToDatabase.accept(GenerationTargetToDatabase.java:80) ~[hibernate-core-6.4.1.Final.jar:6.4.1.Final]
	... 40 common frames omitted

2026-03-14T12:43:10.802+05:30 DEBUG 8228 --- [grocery-billing-system] [main] org.hibernate.SQL                        : 
    create index idx_role 
       on users (role)
2026-03-14T12:43:10.804+05:30 DEBUG 8228 --- [grocery-billing-system] [main] org.hibernate.SQL                        : 
    alter table if exists audit_logs 
       add constraint FKjs4iimve3y0xssbtve5ysyef0 
       foreign key (user_id) 
       references users
2026-03-14T12:43:10.820+05:30 DEBUG 8228 --- [grocery-billing-system] [main] org.hibernate.SQL                        : 
    alter table if exists bill_items 
       add constraint FKj9o7g8krc56gf6t6f0sy4ic5p 
       foreign key (bill_id) 
       references bills
2026-03-14T12:43:10.824+05:30 DEBUG 8228 --- [grocery-billing-system] [main] org.hibernate.SQL                        : 
    alter table if exists bill_items 
       add constraint FKnxfjfage047r297vj65sq8e6h 
       foreign key (product_id) 
       references products
2026-03-14T12:43:10.828+05:30 DEBUG 8228 --- [grocery-billing-system] [main] org.hibernate.SQL                        : 
    alter table if exists bills 
       add constraint FKfooroaa22n3o2sqy6l5syrdm 
       foreign key (cashier_id) 
       references users
2026-03-14T12:43:10.832+05:30 DEBUG 8228 --- [grocery-billing-system] [main] org.hibernate.SQL                        : 
    alter table if exists bills 
       add constraint FKoy9sc2dmxj2qwjeiiilf3yuxp 
       foreign key (customer_id) 
       references customers
2026-03-14T12:43:10.834+05:30 DEBUG 8228 --- [grocery-billing-system] [main] org.hibernate.SQL                        : 
    alter table if exists bills 
       add constraint FKk6blwwpbgvwq7238pvbg63364 
       foreign key (void_by_user_id) 
       references users
2026-03-14T12:43:10.838+05:30 DEBUG 8228 --- [grocery-billing-system] [main] org.hibernate.SQL                        : 
    alter table if exists categories 
       add constraint FKsaok720gsu4u2wrgbk10b5n8d 
       foreign key (parent_id) 
       references categories
2026-03-14T12:43:10.841+05:30 DEBUG 8228 --- [grocery-billing-system] [main] org.hibernate.SQL                        : 
    alter table if exists payments 
       add constraint FK9565r6579khpdjxnyla0l2ycd 
       foreign key (bill_id) 
       references bills
2026-03-14T12:43:10.848+05:30 DEBUG 8228 --- [grocery-billing-system] [main] org.hibernate.SQL                        : 
    alter table if exists payments 
       add constraint FK45dp0030s8e3myd8n6ky4e79g 
       foreign key (customer_id) 
       references customers
2026-03-14T12:43:10.850+05:30 DEBUG 8228 --- [grocery-billing-system] [main] org.hibernate.SQL                        : 
    alter table if exists products 
       add constraint FKog2rp4qthbtt2lfyhfo32lsw9 
       foreign key (category_id) 
       references categories
2026-03-14T12:43:10.853+05:30 DEBUG 8228 --- [grocery-billing-system] [main] org.hibernate.SQL                        : 
    alter table if exists products 
       add constraint FK6i174ixi9087gcvvut45em7fd 
       foreign key (supplier_id) 
       references suppliers
2026-03-14T12:43:10.862+05:30  INFO 8228 --- [grocery-billing-system] [main] j.LocalContainerEntityManagerFactoryBean : Initialized JPA EntityManagerFactory for persistence unit 'default'
2026-03-14T12:43:12.151+05:30  INFO 8228 --- [grocery-billing-system] [main] o.s.d.j.r.query.QueryEnhancerFactory     : Hibernate is in classpath; If applicable, HQL parser will be used.
2026-03-14T12:43:15.873+05:30  WARN 8228 --- [grocery-billing-system] [main] JpaBaseConfiguration$JpaWebConfiguration : spring.jpa.open-in-view is enabled by default. Therefore, database queries may be performed during view rendering. Explicitly configure spring.jpa.open-in-view to disable this warning
2026-03-14T12:43:16.243+05:30  WARN 8228 --- [grocery-billing-system] [main] .s.s.UserDetailsServiceAutoConfiguration : 

Using generated security password: e01aa9e0-8252-4cae-8b57-327f176a93ba

This generated password is for development use only. Your security configuration must be updated before running your application in production.

2026-03-14T12:43:17.806+05:30  INFO 8228 --- [grocery-billing-system] [main] o.s.b.a.e.web.EndpointLinksResolver      : Exposing 2 endpoint(s) beneath base path '/actuator'
2026-03-14T12:43:18.047+05:30  INFO 8228 --- [grocery-billing-system] [main] o.s.s.web.DefaultSecurityFilterChain     : Will secure any request with [org.springframework.security.web.session.DisableEncodeUrlFilter@459c0f38, org.springframework.security.web.context.request.async.WebAsyncManagerIntegrationFilter@64fc2612, org.springframework.security.web.context.SecurityContextHolderFilter@6dceb58c, org.springframework.security.web.header.HeaderWriterFilter@13d06ddb, org.springframework.web.filter.CorsFilter@1a696f6c, org.springframework.security.web.authentication.logout.LogoutFilter@15f0d80f, com.grocerystore.billing.filter.JwtAuthenticationFilter@26101efc, org.springframework.security.web.savedrequest.RequestCacheAwareFilter@791930f8, org.springframework.security.web.servletapi.SecurityContextHolderAwareRequestFilter@7aba206b, org.springframework.security.web.authentication.AnonymousAuthenticationFilter@3de9aa8d, org.springframework.security.web.session.SessionManagementFilter@59302368, org.springframework.security.web.access.ExceptionTranslationFilter@422790a1, org.springframework.security.web.access.intercept.AuthorizationFilter@10060f31]
2026-03-14T12:43:19.951+05:30  WARN 8228 --- [grocery-billing-system] [main] ConfigServletWebServerApplicationContext : Exception encountered during context initialization - cancelling refresh attempt: org.springframework.context.ApplicationContextException: Failed to start bean 'webServerStartStop'
2026-03-14T12:43:19.967+05:30  INFO 8228 --- [grocery-billing-system] [main] j.LocalContainerEntityManagerFactoryBean : Closing JPA EntityManagerFactory for persistence unit 'default'
2026-03-14T12:43:19.981+05:30 DEBUG 8228 --- [grocery-billing-system] [main] org.hibernate.SQL                        : 
    drop table if exists audit_logs cascade 
2026-03-14T12:43:20.041+05:30 DEBUG 8228 --- [grocery-billing-system] [main] org.hibernate.SQL                        : 
    drop table if exists bill_items cascade 
2026-03-14T12:43:20.162+05:30 DEBUG 8228 --- [grocery-billing-system] [main] org.hibernate.SQL                        : 
    drop table if exists bills cascade 
2026-03-14T12:43:20.170+05:30 DEBUG 8228 --- [grocery-billing-system] [main] org.hibernate.SQL                        : 
    drop table if exists categories cascade 
2026-03-14T12:43:20.178+05:30 DEBUG 8228 --- [grocery-billing-system] [main] org.hibernate.SQL                        : 
    drop table if exists customers cascade 
2026-03-14T12:43:20.188+05:30 DEBUG 8228 --- [grocery-billing-system] [main] org.hibernate.SQL                        : 
    drop table if exists payments cascade 
2026-03-14T12:43:20.192+05:30 DEBUG 8228 --- [grocery-billing-system] [main] org.hibernate.SQL                        : 
    drop table if exists products cascade 
2026-03-14T12:43:20.195+05:30 DEBUG 8228 --- [grocery-billing-system] [main] org.hibernate.SQL                        : 
    drop table if exists suppliers cascade 
2026-03-14T12:43:20.215+05:30 DEBUG 8228 --- [grocery-billing-system] [main] org.hibernate.SQL                        : 
    drop table if exists users cascade 
2026-03-14T12:43:20.230+05:30  INFO 8228 --- [grocery-billing-system] [main] com.zaxxer.hikari.HikariDataSource       : HikariPool-1 - Shutdown initiated...
2026-03-14T12:43:20.240+05:30  INFO 8228 --- [grocery-billing-system] [main] com.zaxxer.hikari.HikariDataSource       : HikariPool-1 - Shutdown completed.
2026-03-14T12:43:20.289+05:30  INFO 8228 --- [grocery-billing-system] [main] .s.b.a.l.ConditionEvaluationReportLogger : 

Error starting ApplicationContext. To display the condition evaluation report re-run your application with 'debug' enabled.
2026-03-14T12:43:20.342+05:30 ERROR 8228 --- [grocery-billing-system] [main] o.s.b.d.LoggingFailureAnalysisReporter   : 

***************************
APPLICATION FAILED TO START
***************************

Description:

Web server failed to start. Port 8080 was already in use.

Action:

Identify and stop the process that's listening on port 8080 or configure this application to listen on another port.

2026-03-14T12:51:06.841+05:30  INFO 17828 --- [grocery-billing-system] [main] c.g.billing.GroceryBillingApplication    : Starting GroceryBillingApplication using Java 21.0.1 with PID 17828 (D:\grocery billing system\backend\target\classes started by HP in D:\grocery billing system)
2026-03-14T12:51:06.845+05:30 DEBUG 17828 --- [grocery-billing-system] [main] c.g.billing.GroceryBillingApplication    : Running with Spring Boot v3.2.1, Spring v6.1.2
2026-03-14T12:51:06.846+05:30  INFO 17828 --- [grocery-billing-system] [main] c.g.billing.GroceryBillingApplication    : No active profile set, falling back to 1 default profile: "default"
2026-03-14T12:51:10.885+05:30  INFO 17828 --- [grocery-billing-system] [main] .s.d.r.c.RepositoryConfigurationDelegate : Bootstrapping Spring Data JPA repositories in DEFAULT mode.
2026-03-14T12:51:11.255+05:30  INFO 17828 --- [grocery-billing-system] [main] .s.d.r.c.RepositoryConfigurationDelegate : Finished Spring Data repository scanning in 340 ms. Found 8 JPA repository interfaces.
2026-03-14T12:51:14.221+05:30  INFO 17828 --- [grocery-billing-system] [main] o.s.b.w.embedded.tomcat.TomcatWebServer  : Tomcat initialized with port 8080 (http)
2026-03-14T12:51:14.252+05:30  INFO 17828 --- [grocery-billing-system] [main] o.apache.catalina.core.StandardService   : Starting service [Tomcat]
2026-03-14T12:51:14.287+05:30  INFO 17828 --- [grocery-billing-system] [main] o.apache.catalina.core.StandardEngine    : Starting Servlet engine: [Apache Tomcat/10.1.17]
2026-03-14T12:51:14.514+05:30  INFO 17828 --- [grocery-billing-system] [main] o.a.c.c.C.[.[localhost].[/api/v1]        : Initializing Spring embedded WebApplicationContext
2026-03-14T12:51:14.518+05:30  INFO 17828 --- [grocery-billing-system] [main] w.s.c.ServletWebServerApplicationContext : Root WebApplicationContext: initialization completed in 7523 ms
2026-03-14T12:51:14.927+05:30  INFO 17828 --- [grocery-billing-system] [main] com.zaxxer.hikari.HikariDataSource       : HikariPool-1 - Starting...
2026-03-14T12:51:15.512+05:30  INFO 17828 --- [grocery-billing-system] [main] com.zaxxer.hikari.pool.HikariPool        : HikariPool-1 - Added connection conn0: url=jdbc:h2:mem:grocery_billing_db user=SA
2026-03-14T12:51:15.525+05:30  INFO 17828 --- [grocery-billing-system] [main] com.zaxxer.hikari.HikariDataSource       : HikariPool-1 - Start completed.
2026-03-14T12:51:15.623+05:30  INFO 17828 --- [grocery-billing-system] [main] o.s.b.a.h2.H2ConsoleAutoConfiguration    : H2 console available at '/h2-console'. Database available at 'jdbc:h2:mem:grocery_billing_db'
2026-03-14T12:51:16.328+05:30 DEBUG 17828 --- [grocery-billing-system] [main] c.g.b.filter.JwtAuthenticationFilter     : Filter 'jwtAuthenticationFilter' configured for use
2026-03-14T12:51:16.823+05:30  INFO 17828 --- [grocery-billing-system] [main] o.hibernate.jpa.internal.util.LogHelper  : HHH000204: Processing PersistenceUnitInfo [name: default]
2026-03-14T12:51:16.976+05:30  INFO 17828 --- [grocery-billing-system] [main] org.hibernate.Version                    : HHH000412: Hibernate ORM core version 6.4.1.Final
2026-03-14T12:51:17.085+05:30  INFO 17828 --- [grocery-billing-system] [main] o.h.c.internal.RegionFactoryInitiator    : HHH000026: Second-level cache disabled
2026-03-14T12:51:17.858+05:30  INFO 17828 --- [grocery-billing-system] [main] o.s.o.j.p.SpringPersistenceUnitInfo      : No LoadTimeWeaver setup: ignoring JPA class transformer
2026-03-14T12:51:17.982+05:30  WARN 17828 --- [grocery-billing-system] [main] org.hibernate.orm.deprecation            : HHH90000025: H2Dialect does not need to be specified explicitly using 'hibernate.dialect' (remove the property setting and it will be selected by default)
2026-03-14T12:51:21.934+05:30  INFO 17828 --- [grocery-billing-system] [main] o.h.e.t.j.p.i.JtaPlatformInitiator       : HHH000489: No JTA platform available (set 'hibernate.transaction.jta.platform' to enable JTA platform integration)
2026-03-14T12:51:21.969+05:30 DEBUG 17828 --- [grocery-billing-system] [main] org.hibernate.SQL                        : 
    drop table if exists audit_logs cascade 
2026-03-14T12:51:21.987+05:30 DEBUG 17828 --- [grocery-billing-system] [main] org.hibernate.SQL                        : 
    drop table if exists bill_items cascade 
2026-03-14T12:51:21.988+05:30 DEBUG 17828 --- [grocery-billing-system] [main] org.hibernate.SQL                        : 
    drop table if exists bills cascade 
2026-03-14T12:51:21.990+05:30 DEBUG 17828 --- [grocery-billing-system] [main] org.hibernate.SQL                        : 
    drop table if exists categories cascade 
2026-03-14T12:51:21.991+05:30 DEBUG 17828 --- [grocery-billing-system] [main] org.hibernate.SQL                        : 
    drop table if exists customers cascade 
2026-03-14T12:51:21.999+05:30 DEBUG 17828 --- [grocery-billing-system] [main] org.hibernate.SQL                        : 
    drop table if exists payments cascade 
2026-03-14T12:51:22.002+05:30 DEBUG 17828 --- [grocery-billing-system] [main] org.hibernate.SQL                        : 
    drop table if exists products cascade 
2026-03-14T12:51:22.006+05:30 DEBUG 17828 --- [grocery-billing-system] [main] org.hibernate.SQL                        : 
    drop table if exists suppliers cascade 
2026-03-14T12:51:22.012+05:30 DEBUG 17828 --- [grocery-billing-system] [main] org.hibernate.SQL                        : 
    drop table if exists users cascade 
2026-03-14T12:51:22.029+05:30 DEBUG 17828 --- [grocery-billing-system] [main] org.hibernate.SQL                        : 
    create table audit_logs (
        entity_id integer not null,
        user_id integer not null,
        log_id bigint generated by default as identity,
        timestamp timestamp(6) not null,
        ip_address varchar(45),
        entity_type varchar(50) not null,
        action varchar(100) not null,
        changed_columns varchar(255),
        new_value TEXT,
        old_value TEXT,
        user_agent varchar(255),
        primary key (log_id)
    )
2026-03-14T12:51:22.067+05:30 DEBUG 17828 --- [grocery-billing-system] [main] org.hibernate.SQL                        : 
    create table bill_items (
        bill_id integer not null,
        discount_amount numeric(10,2) not null,
        final_line_total numeric(12,2) not null,
        item_id integer generated by default as identity,
        line_total numeric(12,2) not null,
        product_id integer not null,
        quantity integer not null,
        unit_price numeric(10,2) not null,
        created_at timestamp(6) not null,
        primary key (item_id)
    )
2026-03-14T12:51:22.086+05:30 DEBUG 17828 --- [grocery-billing-system] [main] org.hibernate.SQL                        : 
    create table bills (
        bill_id integer generated by default as identity,
        cashier_id integer not null,
        customer_id integer,
        discount_amount numeric(12,2) not null,
        subtotal numeric(12,2) not null,
        tax_amount numeric(12,2) not null,
        total_amount numeric(12,2) not null,
        void_by_user_id integer,
        bill_date timestamp(6) not null,
        created_at timestamp(6) not null,
        updated_at timestamp(6) not null,
        void_date timestamp(6),
        bill_number varchar(50) not null unique,
        notes TEXT,
        status varchar(255) not null check (status in ('COMPLETED','VOIDED','REFUNDED')),
        void_reason varchar(255),
        primary key (bill_id)
    )
2026-03-14T12:51:22.113+05:30 DEBUG 17828 --- [grocery-billing-system] [main] org.hibernate.SQL                        : 
    create table categories (
        category_id integer generated by default as identity,
        is_active boolean not null,
        parent_id integer,
        created_at timestamp(6) not null,
        updated_at timestamp(6) not null,
        name varchar(100) not null unique,
        description TEXT,
        primary key (category_id)
    )
2026-03-14T12:51:22.119+05:30 DEBUG 17828 --- [grocery-billing-system] [main] org.hibernate.SQL                        : 
    create table customers (
        customer_id integer generated by default as identity,
        is_active boolean not null,
        loyalty_points integer not null,
        total_spent numeric(12,2) not null,
        created_at timestamp(6) not null,
        member_since timestamp(6) not null,
        updated_at timestamp(6) not null,
        phone varchar(20) not null unique,
        postal_code varchar(20),
        state varchar(50),
        city varchar(100),
        country varchar(100),
        email varchar(100) unique,
        first_name varchar(100) not null,
        last_name varchar(100) not null,
        address varchar(255),
        primary key (customer_id)
    )
2026-03-14T12:51:22.169+05:30 DEBUG 17828 --- [grocery-billing-system] [main] org.hibernate.SQL                        : 
    create table payments (
        amount numeric(12,2) not null,
        bill_id integer not null unique,
        card_last_four varchar(4),
        customer_id integer,
        payment_id integer generated by default as identity,
        created_at timestamp(6) not null,
        processed_at timestamp(6),
        card_brand varchar(20),
        reference_number varchar(100),
        gateway_response TEXT,
        payment_method varchar(255) not null check (payment_method in ('CASH','CREDIT_CARD','DEBIT_CARD','DIGITAL_WALLET','CHECK')),
        status varchar(255) not null check (status in ('PENDING','APPROVED','DECLINED','FAILED')),
        primary key (payment_id)
    )
2026-03-14T12:51:22.191+05:30 DEBUG 17828 --- [grocery-billing-system] [main] org.hibernate.SQL                        : 
    create table products (
        category_id integer not null,
        cost_price numeric(10,2) not null,
        expiry_date date,
        is_active boolean not null,
        price numeric(10,2) not null,
        product_id integer generated by default as identity,
        quantity_on_hand integer not null,
        reorder_level integer not null,
        reorder_quantity integer not null,
        supplier_id integer not null,
        created_at timestamp(6) not null,
        updated_at timestamp(6) not null,
        unit_of_measure varchar(20),
        barcode varchar(50) not null unique,
        sku varchar(50) not null unique,
        name varchar(200) not null,
        description TEXT,
        image_url varchar(255),
        primary key (product_id)
    )
2026-03-14T12:51:22.216+05:30 DEBUG 17828 --- [grocery-billing-system] [main] org.hibernate.SQL                        : 
    create table suppliers (
        is_active boolean not null,
        supplier_id integer generated by default as identity,
        created_at timestamp(6) not null,
        updated_at timestamp(6) not null,
        phone varchar(20),
        postal_code varchar(20),
        state varchar(50),
        city varchar(100),
        contact_person varchar(100),
        country varchar(100),
        email varchar(100),
        payment_terms varchar(100),
        name varchar(150) not null unique,
        address varchar(255),
        primary key (supplier_id)
    )
2026-03-14T12:51:22.230+05:30 DEBUG 17828 --- [grocery-billing-system] [main] org.hibernate.SQL                        : 
    create table users (
        is_active boolean not null,
        user_id integer generated by default as identity,
        created_at timestamp(6) not null,
        last_login timestamp(6),
        updated_at timestamp(6) not null,
        username varchar(50) not null unique,
        email varchar(100) not null unique,
        first_name varchar(100) not null,
        last_name varchar(100) not null,
        password_hash varchar(255) not null,
        role varchar(255) not null check (role in ('ADMIN','MANAGER','CASHIER','INVENTORY_MANAGER','ACCOUNTANT')),
        primary key (user_id)
    )
2026-03-14T12:51:22.248+05:30 DEBUG 17828 --- [grocery-billing-system] [main] org.hibernate.SQL                        : 
    create index idx_user_id 
       on audit_logs (user_id)
2026-03-14T12:51:22.253+05:30 DEBUG 17828 --- [grocery-billing-system] [main] org.hibernate.SQL                        : 
    create index idx_timestamp 
       on audit_logs (timestamp)
2026-03-14T12:51:22.256+05:30 DEBUG 17828 --- [grocery-billing-system] [main] org.hibernate.SQL                        : 
    create index idx_entity_type_id 
       on audit_logs (entity_type, entity_id)
2026-03-14T12:51:22.258+05:30 DEBUG 17828 --- [grocery-billing-system] [main] org.hibernate.SQL                        : 
    create index idx_action 
       on audit_logs (action)
2026-03-14T12:51:22.265+05:30 DEBUG 17828 --- [grocery-billing-system] [main] org.hibernate.SQL                        : 
    create index idx_bill_id 
       on bill_items (bill_id)
2026-03-14T12:51:22.267+05:30 DEBUG 17828 --- [grocery-billing-system] [main] org.hibernate.SQL                        : 
    create index idx_product_id 
       on bill_items (product_id)
2026-03-14T12:51:22.269+05:30 DEBUG 17828 --- [grocery-billing-system] [main] org.hibernate.SQL                        : 
    create index uk_bill_product 
       on bill_items (bill_id, product_id)
2026-03-14T12:51:22.271+05:30 DEBUG 17828 --- [grocery-billing-system] [main] org.hibernate.SQL                        : 
    create index idx_bill_number 
       on bills (bill_number)
2026-03-14T12:51:22.273+05:30 DEBUG 17828 --- [grocery-billing-system] [main] org.hibernate.SQL                        : 
    create index idx_bill_date 
       on bills (bill_date)
2026-03-14T12:51:22.291+05:30 DEBUG 17828 --- [grocery-billing-system] [main] org.hibernate.SQL                        : 
    create index idx_cashier_id 
       on bills (cashier_id)
2026-03-14T12:51:22.301+05:30 DEBUG 17828 --- [grocery-billing-system] [main] org.hibernate.SQL                        : 
    create index idx_customer_id 
       on bills (customer_id)
2026-03-14T12:51:22.304+05:30 DEBUG 17828 --- [grocery-billing-system] [main] org.hibernate.SQL                        : 
    create index idx_status 
       on bills (status)
2026-03-14T12:51:22.313+05:30 DEBUG 17828 --- [grocery-billing-system] [main] org.hibernate.SQL                        : 
    create index idx_parent_id 
       on categories (parent_id)
2026-03-14T12:51:22.318+05:30 DEBUG 17828 --- [grocery-billing-system] [main] org.hibernate.SQL                        : 
    create index idx_is_active 
       on categories (is_active)
2026-03-14T12:51:22.329+05:30 DEBUG 17828 --- [grocery-billing-system] [main] org.hibernate.SQL                        : 
    create index idx_name 
       on categories (name)
2026-03-14T12:51:22.332+05:30 DEBUG 17828 --- [grocery-billing-system] [main] org.hibernate.SQL                        : 
    create index idx_phone 
       on customers (phone)
2026-03-14T12:51:22.338+05:30 DEBUG 17828 --- [grocery-billing-system] [main] org.hibernate.SQL                        : 
    create index idx_email 
       on customers (email)
2026-03-14T12:51:22.340+05:30 DEBUG 17828 --- [grocery-billing-system] [main] org.hibernate.SQL                        : 
    create index idx_customer_name 
       on customers (first_name, last_name)
2026-03-14T12:51:22.347+05:30 DEBUG 17828 --- [grocery-billing-system] [main] org.hibernate.SQL                        : 
    create index idx_bill_id 
       on payments (bill_id)
2026-03-14T12:51:22.357+05:30  WARN 17828 --- [grocery-billing-system] [main] o.h.t.s.i.ExceptionHandlerLoggedImpl     : GenerationTarget encountered exception accepting command : Error executing DDL "
    create index idx_bill_id 
       on payments (bill_id)" via JDBC [Index "IDX_BILL_ID" already exists;]

org.hibernate.tool.schema.spi.CommandAcceptanceException: Error executing DDL "
    create index idx_bill_id 
       on payments (bill_id)" via JDBC [Index "IDX_BILL_ID" already exists;]
	at org.hibernate.tool.schema.internal.exec.GenerationTargetToDatabase.accept(GenerationTargetToDatabase.java:94) ~[hibernate-core-6.4.1.Final.jar:6.4.1.Final]
	at org.hibernate.tool.schema.internal.Helper.applySqlString(Helper.java:233) ~[hibernate-core-6.4.1.Final.jar:6.4.1.Final]
	at org.hibernate.tool.schema.internal.Helper.applySqlStrings(Helper.java:217) ~[hibernate-core-6.4.1.Final.jar:6.4.1.Final]
	at org.hibernate.tool.schema.internal.SchemaCreatorImpl.createTableConstraints(SchemaCreatorImpl.java:383) ~[hibernate-core-6.4.1.Final.jar:6.4.1.Final]
	at org.hibernate.tool.schema.internal.SchemaCreatorImpl.createSequencesTablesConstraints(SchemaCreatorImpl.java:351) ~[hibernate-core-6.4.1.Final.jar:6.4.1.Final]
	at org.hibernate.tool.schema.internal.SchemaCreatorImpl.createFromMetadata(SchemaCreatorImpl.java:239) ~[hibernate-core-6.4.1.Final.jar:6.4.1.Final]
	at org.hibernate.tool.schema.internal.SchemaCreatorImpl.performCreation(SchemaCreatorImpl.java:172) ~[hibernate-core-6.4.1.Final.jar:6.4.1.Final]
	at org.hibernate.tool.schema.internal.SchemaCreatorImpl.doCreation(SchemaCreatorImpl.java:142) ~[hibernate-core-6.4.1.Final.jar:6.4.1.Final]
	at org.hibernate.tool.schema.internal.SchemaCreatorImpl.doCreation(SchemaCreatorImpl.java:118) ~[hibernate-core-6.4.1.Final.jar:6.4.1.Final]
	at org.hibernate.tool.schema.spi.SchemaManagementToolCoordinator.performDatabaseAction(SchemaManagementToolCoordinator.java:256) ~[hibernate-core-6.4.1.Final.jar:6.4.1.Final]
	at org.hibernate.tool.schema.spi.SchemaManagementToolCoordinator.lambda$process$5(SchemaManagementToolCoordinator.java:145) ~[hibernate-core-6.4.1.Final.jar:6.4.1.Final]
	at java.base/java.util.HashMap.forEach(HashMap.java:1429) ~[na:na]
	at org.hibernate.tool.schema.spi.SchemaManagementToolCoordinator.process(SchemaManagementToolCoordinator.java:142) ~[hibernate-core-6.4.1.Final.jar:6.4.1.Final]
	at org.hibernate.boot.internal.SessionFactoryObserverForSchemaExport.sessionFactoryCreated(SessionFactoryObserverForSchemaExport.java:37) ~[hibernate-core-6.4.1.Final.jar:6.4.1.Final]
	at org.hibernate.internal.SessionFactoryObserverChain.sessionFactoryCreated(SessionFactoryObserverChain.java:35) ~[hibernate-core-6.4.1.Final.jar:6.4.1.Final]
	at org.hibernate.internal.SessionFactoryImpl.<init>(SessionFactoryImpl.java:315) ~[hibernate-core-6.4.1.Final.jar:6.4.1.Final]
	at org.hibernate.boot.internal.SessionFactoryBuilderImpl.build(SessionFactoryBuilderImpl.java:450) ~[hibernate-core-6.4.1.Final.jar:6.4.1.Final]
	at org.hibernate.jpa.boot.internal.EntityManagerFactoryBuilderImpl.build(EntityManagerFactoryBuilderImpl.java:1507) ~[hibernate-core-6.4.1.Final.jar:6.4.1.Final]
	at org.springframework.orm.jpa.vendor.SpringHibernateJpaPersistenceProvider.createContainerEntityManagerFactory(SpringHibernateJpaPersistenceProvider.java:75) ~[spring-orm-6.1.2.jar:6.1.2]
	at org.springframework.orm.jpa.LocalContainerEntityManagerFactoryBean.createNativeEntityManagerFactory(LocalContainerEntityManagerFactoryBean.java:376) ~[spring-orm-6.1.2.jar:6.1.2]
	at org.springframework.orm.jpa.AbstractEntityManagerFactoryBean.buildNativeEntityManagerFactory(AbstractEntityManagerFactoryBean.java:409) ~[spring-orm-6.1.2.jar:6.1.2]
	at org.springframework.orm.jpa.AbstractEntityManagerFactoryBean.afterPropertiesSet(AbstractEntityManagerFactoryBean.java:396) ~[spring-orm-6.1.2.jar:6.1.2]
	at org.springframework.orm.jpa.LocalContainerEntityManagerFactoryBean.afterPropertiesSet(LocalContainerEntityManagerFactoryBean.java:352) ~[spring-orm-6.1.2.jar:6.1.2]
	at org.springframework.beans.factory.support.AbstractAutowireCapableBeanFactory.invokeInitMethods(AbstractAutowireCapableBeanFactory.java:1820) ~[spring-beans-6.1.2.jar:6.1.2]
	at org.springframework.beans.factory.support.AbstractAutowireCapableBeanFactory.initializeBean(AbstractAutowireCapableBeanFactory.java:1769) ~[spring-beans-6.1.2.jar:6.1.2]
	at org.springframework.beans.factory.support.AbstractAutowireCapableBeanFactory.doCreateBean(AbstractAutowireCapableBeanFactory.java:599) ~[spring-beans-6.1.2.jar:6.1.2]
	at org.springframework.beans.factory.support.AbstractAutowireCapableBeanFactory.createBean(AbstractAutowireCapableBeanFactory.java:521) ~[spring-beans-6.1.2.jar:6.1.2]
	at org.springframework.beans.factory.support.AbstractBeanFactory.lambda$doGetBean$0(AbstractBeanFactory.java:325) ~[spring-beans-6.1.2.jar:6.1.2]
	at org.springframework.beans.factory.support.DefaultSingletonBeanRegistry.getSingleton(DefaultSingletonBeanRegistry.java:234) ~[spring-beans-6.1.2.jar:6.1.2]
	at org.springframework.beans.factory.support.AbstractBeanFactory.doGetBean(AbstractBeanFactory.java:323) ~[spring-beans-6.1.2.jar:6.1.2]
	at org.springframework.beans.factory.support.AbstractBeanFactory.getBean(AbstractBeanFactory.java:199) ~[spring-beans-6.1.2.jar:6.1.2]
	at org.springframework.context.support.AbstractApplicationContext.getBean(AbstractApplicationContext.java:1232) ~[spring-context-6.1.2.jar:6.1.2]
	at org.springframework.context.support.AbstractApplicationContext.finishBeanFactoryInitialization(AbstractApplicationContext.java:950) ~[spring-context-6.1.2.jar:6.1.2]
	at org.springframework.context.support.AbstractApplicationContext.refresh(AbstractApplicationContext.java:625) ~[spring-context-6.1.2.jar:6.1.2]
	at org.springframework.boot.web.servlet.context.ServletWebServerApplicationContext.refresh(ServletWebServerApplicationContext.java:146) ~[spring-boot-3.2.1.jar:3.2.1]
	at org.springframework.boot.SpringApplication.refresh(SpringApplication.java:762) ~[spring-boot-3.2.1.jar:3.2.1]
	at org.springframework.boot.SpringApplication.refreshContext(SpringApplication.java:464) ~[spring-boot-3.2.1.jar:3.2.1]
	at org.springframework.boot.SpringApplication.run(SpringApplication.java:334) ~[spring-boot-3.2.1.jar:3.2.1]
	at org.springframework.boot.SpringApplication.run(SpringApplication.java:1358) ~[spring-boot-3.2.1.jar:3.2.1]
	at org.springframework.boot.SpringApplication.run(SpringApplication.java:1347) ~[spring-boot-3.2.1.jar:3.2.1]
	at com.grocerystore.billing.GroceryBillingApplication.main(GroceryBillingApplication.java:21) ~[classes/:na]
Caused by: org.h2.jdbc.JdbcSQLSyntaxErrorException: Index "IDX_BILL_ID" already exists; SQL statement:

    create index idx_bill_id 
       on payments (bi [42111-224]
	at org.h2.message.DbException.getJdbcSQLException(DbException.java:514) ~[h2-2.2.224.jar:2.2.224]
	at org.h2.message.DbException.getJdbcSQLException(DbException.java:489) ~[h2-2.2.224.jar:2.2.224]
	at org.h2.message.DbException.get(DbException.java:223) ~[h2-2.2.224.jar:2.2.224]
	at org.h2.message.DbException.get(DbException.java:199) ~[h2-2.2.224.jar:2.2.224]
	at org.h2.command.ddl.CreateIndex.update(CreateIndex.java:76) ~[h2-2.2.224.jar:2.2.224]
	at org.h2.command.CommandContainer.update(CommandContainer.java:169) ~[h2-2.2.224.jar:2.2.224]
	at org.h2.command.Command.executeUpdate(Command.java:256) ~[h2-2.2.224.jar:2.2.224]
	at org.h2.jdbc.JdbcStatement.executeInternal(JdbcStatement.java:262) ~[h2-2.2.224.jar:2.2.224]
	at org.h2.jdbc.JdbcStatement.execute(JdbcStatement.java:231) ~[h2-2.2.224.jar:2.2.224]
	at com.zaxxer.hikari.pool.ProxyStatement.execute(ProxyStatement.java:94) ~[HikariCP-5.0.1.jar:na]
	at com.zaxxer.hikari.pool.HikariProxyStatement.execute(HikariProxyStatement.java) ~[HikariCP-5.0.1.jar:na]
	at org.hibernate.tool.schema.internal.exec.GenerationTargetToDatabase.accept(GenerationTargetToDatabase.java:80) ~[hibernate-core-6.4.1.Final.jar:6.4.1.Final]
	... 40 common frames omitted

2026-03-14T12:51:22.473+05:30 DEBUG 17828 --- [grocery-billing-system] [main] org.hibernate.SQL                        : 
    create index idx_customer_id 
       on payments (customer_id)
2026-03-14T12:51:22.479+05:30  WARN 17828 --- [grocery-billing-system] [main] o.h.t.s.i.ExceptionHandlerLoggedImpl     : GenerationTarget encountered exception accepting command : Error executing DDL "
    create index idx_customer_id 
       on payments (customer_id)" via JDBC [Index "IDX_CUSTOMER_ID" already exists;]

org.hibernate.tool.schema.spi.CommandAcceptanceException: Error executing DDL "
    create index idx_customer_id 
       on payments (customer_id)" via JDBC [Index "IDX_CUSTOMER_ID" already exists;]
	at org.hibernate.tool.schema.internal.exec.GenerationTargetToDatabase.accept(GenerationTargetToDatabase.java:94) ~[hibernate-core-6.4.1.Final.jar:6.4.1.Final]
	at org.hibernate.tool.schema.internal.Helper.applySqlString(Helper.java:233) ~[hibernate-core-6.4.1.Final.jar:6.4.1.Final]
	at org.hibernate.tool.schema.internal.Helper.applySqlStrings(Helper.java:217) ~[hibernate-core-6.4.1.Final.jar:6.4.1.Final]
	at org.hibernate.tool.schema.internal.SchemaCreatorImpl.createTableConstraints(SchemaCreatorImpl.java:383) ~[hibernate-core-6.4.1.Final.jar:6.4.1.Final]
	at org.hibernate.tool.schema.internal.SchemaCreatorImpl.createSequencesTablesConstraints(SchemaCreatorImpl.java:351) ~[hibernate-core-6.4.1.Final.jar:6.4.1.Final]
	at org.hibernate.tool.schema.internal.SchemaCreatorImpl.createFromMetadata(SchemaCreatorImpl.java:239) ~[hibernate-core-6.4.1.Final.jar:6.4.1.Final]
	at org.hibernate.tool.schema.internal.SchemaCreatorImpl.performCreation(SchemaCreatorImpl.java:172) ~[hibernate-core-6.4.1.Final.jar:6.4.1.Final]
	at org.hibernate.tool.schema.internal.SchemaCreatorImpl.doCreation(SchemaCreatorImpl.java:142) ~[hibernate-core-6.4.1.Final.jar:6.4.1.Final]
	at org.hibernate.tool.schema.internal.SchemaCreatorImpl.doCreation(SchemaCreatorImpl.java:118) ~[hibernate-core-6.4.1.Final.jar:6.4.1.Final]
	at org.hibernate.tool.schema.spi.SchemaManagementToolCoordinator.performDatabaseAction(SchemaManagementToolCoordinator.java:256) ~[hibernate-core-6.4.1.Final.jar:6.4.1.Final]
	at org.hibernate.tool.schema.spi.SchemaManagementToolCoordinator.lambda$process$5(SchemaManagementToolCoordinator.java:145) ~[hibernate-core-6.4.1.Final.jar:6.4.1.Final]
	at java.base/java.util.HashMap.forEach(HashMap.java:1429) ~[na:na]
	at org.hibernate.tool.schema.spi.SchemaManagementToolCoordinator.process(SchemaManagementToolCoordinator.java:142) ~[hibernate-core-6.4.1.Final.jar:6.4.1.Final]
	at org.hibernate.boot.internal.SessionFactoryObserverForSchemaExport.sessionFactoryCreated(SessionFactoryObserverForSchemaExport.java:37) ~[hibernate-core-6.4.1.Final.jar:6.4.1.Final]
	at org.hibernate.internal.SessionFactoryObserverChain.sessionFactoryCreated(SessionFactoryObserverChain.java:35) ~[hibernate-core-6.4.1.Final.jar:6.4.1.Final]
	at org.hibernate.internal.SessionFactoryImpl.<init>(SessionFactoryImpl.java:315) ~[hibernate-core-6.4.1.Final.jar:6.4.1.Final]
	at org.hibernate.boot.internal.SessionFactoryBuilderImpl.build(SessionFactoryBuilderImpl.java:450) ~[hibernate-core-6.4.1.Final.jar:6.4.1.Final]
	at org.hibernate.jpa.boot.internal.EntityManagerFactoryBuilderImpl.build(EntityManagerFactoryBuilderImpl.java:1507) ~[hibernate-core-6.4.1.Final.jar:6.4.1.Final]
	at org.springframework.orm.jpa.vendor.SpringHibernateJpaPersistenceProvider.createContainerEntityManagerFactory(SpringHibernateJpaPersistenceProvider.java:75) ~[spring-orm-6.1.2.jar:6.1.2]
	at org.springframework.orm.jpa.LocalContainerEntityManagerFactoryBean.createNativeEntityManagerFactory(LocalContainerEntityManagerFactoryBean.java:376) ~[spring-orm-6.1.2.jar:6.1.2]
	at org.springframework.orm.jpa.AbstractEntityManagerFactoryBean.buildNativeEntityManagerFactory(AbstractEntityManagerFactoryBean.java:409) ~[spring-orm-6.1.2.jar:6.1.2]
	at org.springframework.orm.jpa.AbstractEntityManagerFactoryBean.afterPropertiesSet(AbstractEntityManagerFactoryBean.java:396) ~[spring-orm-6.1.2.jar:6.1.2]
	at org.springframework.orm.jpa.LocalContainerEntityManagerFactoryBean.afterPropertiesSet(LocalContainerEntityManagerFactoryBean.java:352) ~[spring-orm-6.1.2.jar:6.1.2]
	at org.springframework.beans.factory.support.AbstractAutowireCapableBeanFactory.invokeInitMethods(AbstractAutowireCapableBeanFactory.java:1820) ~[spring-beans-6.1.2.jar:6.1.2]
	at org.springframework.beans.factory.support.AbstractAutowireCapableBeanFactory.initializeBean(AbstractAutowireCapableBeanFactory.java:1769) ~[spring-beans-6.1.2.jar:6.1.2]
	at org.springframework.beans.factory.support.AbstractAutowireCapableBeanFactory.doCreateBean(AbstractAutowireCapableBeanFactory.java:599) ~[spring-beans-6.1.2.jar:6.1.2]
	at org.springframework.beans.factory.support.AbstractAutowireCapableBeanFactory.createBean(AbstractAutowireCapableBeanFactory.java:521) ~[spring-beans-6.1.2.jar:6.1.2]
	at org.springframework.beans.factory.support.AbstractBeanFactory.lambda$doGetBean$0(AbstractBeanFactory.java:325) ~[spring-beans-6.1.2.jar:6.1.2]
	at org.springframework.beans.factory.support.DefaultSingletonBeanRegistry.getSingleton(DefaultSingletonBeanRegistry.java:234) ~[spring-beans-6.1.2.jar:6.1.2]
	at org.springframework.beans.factory.support.AbstractBeanFactory.doGetBean(AbstractBeanFactory.java:323) ~[spring-beans-6.1.2.jar:6.1.2]
	at org.springframework.beans.factory.support.AbstractBeanFactory.getBean(AbstractBeanFactory.java:199) ~[spring-beans-6.1.2.jar:6.1.2]
	at org.springframework.context.support.AbstractApplicationContext.getBean(AbstractApplicationContext.java:1232) ~[spring-context-6.1.2.jar:6.1.2]
	at org.springframework.context.support.AbstractApplicationContext.finishBeanFactoryInitialization(AbstractApplicationContext.java:950) ~[spring-context-6.1.2.jar:6.1.2]
	at org.springframework.context.support.AbstractApplicationContext.refresh(AbstractApplicationContext.java:625) ~[spring-context-6.1.2.jar:6.1.2]
	at org.springframework.boot.web.servlet.context.ServletWebServerApplicationContext.refresh(ServletWebServerApplicationContext.java:146) ~[spring-boot-3.2.1.jar:3.2.1]
	at org.springframework.boot.SpringApplication.refresh(SpringApplication.java:762) ~[spring-boot-3.2.1.jar:3.2.1]
	at org.springframework.boot.SpringApplication.refreshContext(SpringApplication.java:464) ~[spring-boot-3.2.1.jar:3.2.1]
	at org.springframework.boot.SpringApplication.run(SpringApplication.java:334) ~[spring-boot-3.2.1.jar:3.2.1]
	at org.springframework.boot.SpringApplication.run(SpringApplication.java:1358) ~[spring-boot-3.2.1.jar:3.2.1]
	at org.springframework.boot.SpringApplication.run(SpringApplication.java:1347) ~[spring-boot-3.2.1.jar:3.2.1]
	at com.grocerystore.billing.GroceryBillingApplication.main(GroceryBillingApplication.java:21) ~[classes/:na]
Caused by: org.h2.jdbc.JdbcSQLSyntaxErrorException: Index "IDX_CUSTOMER_ID" already exists; SQL statement:

    create index idx_customer_id 
       on payments (custom [42111-224]
	at org.h2.message.DbException.getJdbcSQLException(DbException.java:514) ~[h2-2.2.224.jar:2.2.224]
	at org.h2.message.DbException.getJdbcSQLException(DbException.java:489) ~[h2-2.2.224.jar:2.2.224]
	at org.h2.message.DbException.get(DbException.java:223) ~[h2-2.2.224.jar:2.2.224]
	at org.h2.message.DbException.get(DbException.java:199) ~[h2-2.2.224.jar:2.2.224]
	at org.h2.command.ddl.CreateIndex.update(CreateIndex.java:76) ~[h2-2.2.224.jar:2.2.224]
	at org.h2.command.CommandContainer.update(CommandContainer.java:169) ~[h2-2.2.224.jar:2.2.224]
	at org.h2.command.Command.executeUpdate(Command.java:256) ~[h2-2.2.224.jar:2.2.224]
	at org.h2.jdbc.JdbcStatement.executeInternal(JdbcStatement.java:262) ~[h2-2.2.224.jar:2.2.224]
	at org.h2.jdbc.JdbcStatement.execute(JdbcStatement.java:231) ~[h2-2.2.224.jar:2.2.224]
	at com.zaxxer.hikari.pool.ProxyStatement.execute(ProxyStatement.java:94) ~[HikariCP-5.0.1.jar:na]
	at com.zaxxer.hikari.pool.HikariProxyStatement.execute(HikariProxyStatement.java) ~[HikariCP-5.0.1.jar:na]
	at org.hibernate.tool.schema.internal.exec.GenerationTargetToDatabase.accept(GenerationTargetToDatabase.java:80) ~[hibernate-core-6.4.1.Final.jar:6.4.1.Final]
	... 40 common frames omitted

2026-03-14T12:51:22.539+05:30 DEBUG 17828 --- [grocery-billing-system] [main] org.hibernate.SQL                        : 
    create index idx_payment_method 
       on payments (payment_method)
2026-03-14T12:51:22.542+05:30 DEBUG 17828 --- [grocery-billing-system] [main] org.hibernate.SQL                        : 
    create index idx_status 
       on payments (status)
2026-03-14T12:51:22.547+05:30  WARN 17828 --- [grocery-billing-system] [main] o.h.t.s.i.ExceptionHandlerLoggedImpl     : GenerationTarget encountered exception accepting command : Error executing DDL "
    create index idx_status 
       on payments (status)" via JDBC [Index "IDX_STATUS" already exists;]

org.hibernate.tool.schema.spi.CommandAcceptanceException: Error executing DDL "
    create index idx_status 
       on payments (status)" via JDBC [Index "IDX_STATUS" already exists;]
	at org.hibernate.tool.schema.internal.exec.GenerationTargetToDatabase.accept(GenerationTargetToDatabase.java:94) ~[hibernate-core-6.4.1.Final.jar:6.4.1.Final]
	at org.hibernate.tool.schema.internal.Helper.applySqlString(Helper.java:233) ~[hibernate-core-6.4.1.Final.jar:6.4.1.Final]
	at org.hibernate.tool.schema.internal.Helper.applySqlStrings(Helper.java:217) ~[hibernate-core-6.4.1.Final.jar:6.4.1.Final]
	at org.hibernate.tool.schema.internal.SchemaCreatorImpl.createTableConstraints(SchemaCreatorImpl.java:383) ~[hibernate-core-6.4.1.Final.jar:6.4.1.Final]
	at org.hibernate.tool.schema.internal.SchemaCreatorImpl.createSequencesTablesConstraints(SchemaCreatorImpl.java:351) ~[hibernate-core-6.4.1.Final.jar:6.4.1.Final]
	at org.hibernate.tool.schema.internal.SchemaCreatorImpl.createFromMetadata(SchemaCreatorImpl.java:239) ~[hibernate-core-6.4.1.Final.jar:6.4.1.Final]
	at org.hibernate.tool.schema.internal.SchemaCreatorImpl.performCreation(SchemaCreatorImpl.java:172) ~[hibernate-core-6.4.1.Final.jar:6.4.1.Final]
	at org.hibernate.tool.schema.internal.SchemaCreatorImpl.doCreation(SchemaCreatorImpl.java:142) ~[hibernate-core-6.4.1.Final.jar:6.4.1.Final]
	at org.hibernate.tool.schema.internal.SchemaCreatorImpl.doCreation(SchemaCreatorImpl.java:118) ~[hibernate-core-6.4.1.Final.jar:6.4.1.Final]
	at org.hibernate.tool.schema.spi.SchemaManagementToolCoordinator.performDatabaseAction(SchemaManagementToolCoordinator.java:256) ~[hibernate-core-6.4.1.Final.jar:6.4.1.Final]
	at org.hibernate.tool.schema.spi.SchemaManagementToolCoordinator.lambda$process$5(SchemaManagementToolCoordinator.java:145) ~[hibernate-core-6.4.1.Final.jar:6.4.1.Final]
	at java.base/java.util.HashMap.forEach(HashMap.java:1429) ~[na:na]
	at org.hibernate.tool.schema.spi.SchemaManagementToolCoordinator.process(SchemaManagementToolCoordinator.java:142) ~[hibernate-core-6.4.1.Final.jar:6.4.1.Final]
	at org.hibernate.boot.internal.SessionFactoryObserverForSchemaExport.sessionFactoryCreated(SessionFactoryObserverForSchemaExport.java:37) ~[hibernate-core-6.4.1.Final.jar:6.4.1.Final]
	at org.hibernate.internal.SessionFactoryObserverChain.sessionFactoryCreated(SessionFactoryObserverChain.java:35) ~[hibernate-core-6.4.1.Final.jar:6.4.1.Final]
	at org.hibernate.internal.SessionFactoryImpl.<init>(SessionFactoryImpl.java:315) ~[hibernate-core-6.4.1.Final.jar:6.4.1.Final]
	at org.hibernate.boot.internal.SessionFactoryBuilderImpl.build(SessionFactoryBuilderImpl.java:450) ~[hibernate-core-6.4.1.Final.jar:6.4.1.Final]
	at org.hibernate.jpa.boot.internal.EntityManagerFactoryBuilderImpl.build(EntityManagerFactoryBuilderImpl.java:1507) ~[hibernate-core-6.4.1.Final.jar:6.4.1.Final]
	at org.springframework.orm.jpa.vendor.SpringHibernateJpaPersistenceProvider.createContainerEntityManagerFactory(SpringHibernateJpaPersistenceProvider.java:75) ~[spring-orm-6.1.2.jar:6.1.2]
	at org.springframework.orm.jpa.LocalContainerEntityManagerFactoryBean.createNativeEntityManagerFactory(LocalContainerEntityManagerFactoryBean.java:376) ~[spring-orm-6.1.2.jar:6.1.2]
	at org.springframework.orm.jpa.AbstractEntityManagerFactoryBean.buildNativeEntityManagerFactory(AbstractEntityManagerFactoryBean.java:409) ~[spring-orm-6.1.2.jar:6.1.2]
	at org.springframework.orm.jpa.AbstractEntityManagerFactoryBean.afterPropertiesSet(AbstractEntityManagerFactoryBean.java:396) ~[spring-orm-6.1.2.jar:6.1.2]
	at org.springframework.orm.jpa.LocalContainerEntityManagerFactoryBean.afterPropertiesSet(LocalContainerEntityManagerFactoryBean.java:352) ~[spring-orm-6.1.2.jar:6.1.2]
	at org.springframework.beans.factory.support.AbstractAutowireCapableBeanFactory.invokeInitMethods(AbstractAutowireCapableBeanFactory.java:1820) ~[spring-beans-6.1.2.jar:6.1.2]
	at org.springframework.beans.factory.support.AbstractAutowireCapableBeanFactory.initializeBean(AbstractAutowireCapableBeanFactory.java:1769) ~[spring-beans-6.1.2.jar:6.1.2]
	at org.springframework.beans.factory.support.AbstractAutowireCapableBeanFactory.doCreateBean(AbstractAutowireCapableBeanFactory.java:599) ~[spring-beans-6.1.2.jar:6.1.2]
	at org.springframework.beans.factory.support.AbstractAutowireCapableBeanFactory.createBean(AbstractAutowireCapableBeanFactory.java:521) ~[spring-beans-6.1.2.jar:6.1.2]
	at org.springframework.beans.factory.support.AbstractBeanFactory.lambda$doGetBean$0(AbstractBeanFactory.java:325) ~[spring-beans-6.1.2.jar:6.1.2]
	at org.springframework.beans.factory.support.DefaultSingletonBeanRegistry.getSingleton(DefaultSingletonBeanRegistry.java:234) ~[spring-beans-6.1.2.jar:6.1.2]
	at org.springframework.beans.factory.support.AbstractBeanFactory.doGetBean(AbstractBeanFactory.java:323) ~[spring-beans-6.1.2.jar:6.1.2]
	at org.springframework.beans.factory.support.AbstractBeanFactory.getBean(AbstractBeanFactory.java:199) ~[spring-beans-6.1.2.jar:6.1.2]
	at org.springframework.context.support.AbstractApplicationContext.getBean(AbstractApplicationContext.java:1232) ~[spring-context-6.1.2.jar:6.1.2]
	at org.springframework.context.support.AbstractApplicationContext.finishBeanFactoryInitialization(AbstractApplicationContext.java:950) ~[spring-context-6.1.2.jar:6.1.2]
	at org.springframework.context.support.AbstractApplicationContext.refresh(AbstractApplicationContext.java:625) ~[spring-context-6.1.2.jar:6.1.2]
	at org.springframework.boot.web.servlet.context.ServletWebServerApplicationContext.refresh(ServletWebServerApplicationContext.java:146) ~[spring-boot-3.2.1.jar:3.2.1]
	at org.springframework.boot.SpringApplication.refresh(SpringApplication.java:762) ~[spring-boot-3.2.1.jar:3.2.1]
	at org.springframework.boot.SpringApplication.refreshContext(SpringApplication.java:464) ~[spring-boot-3.2.1.jar:3.2.1]
	at org.springframework.boot.SpringApplication.run(SpringApplication.java:334) ~[spring-boot-3.2.1.jar:3.2.1]
	at org.springframework.boot.SpringApplication.run(SpringApplication.java:1358) ~[spring-boot-3.2.1.jar:3.2.1]
	at org.springframework.boot.SpringApplication.run(SpringApplication.java:1347) ~[spring-boot-3.2.1.jar:3.2.1]
	at com.grocerystore.billing.GroceryBillingApplication.main(GroceryBillingApplication.java:21) ~[classes/:na]
Caused by: org.h2.jdbc.JdbcSQLSyntaxErrorException: Index "IDX_STATUS" already exists; SQL statement:

    create index idx_status 
       on payments (s [42111-224]
	at org.h2.message.DbException.getJdbcSQLException(DbException.java:514) ~[h2-2.2.224.jar:2.2.224]
	at org.h2.message.DbException.getJdbcSQLException(DbException.java:489) ~[h2-2.2.224.jar:2.2.224]
	at org.h2.message.DbException.get(DbException.java:223) ~[h2-2.2.224.jar:2.2.224]
	at org.h2.message.DbException.get(DbException.java:199) ~[h2-2.2.224.jar:2.2.224]
	at org.h2.command.ddl.CreateIndex.update(CreateIndex.java:76) ~[h2-2.2.224.jar:2.2.224]
	at org.h2.command.CommandContainer.update(CommandContainer.java:169) ~[h2-2.2.224.jar:2.2.224]
	at org.h2.command.Command.executeUpdate(Command.java:256) ~[h2-2.2.224.jar:2.2.224]
	at org.h2.jdbc.JdbcStatement.executeInternal(JdbcStatement.java:262) ~[h2-2.2.224.jar:2.2.224]
	at org.h2.jdbc.JdbcStatement.execute(JdbcStatement.java:231) ~[h2-2.2.224.jar:2.2.224]
	at com.zaxxer.hikari.pool.ProxyStatement.execute(ProxyStatement.java:94) ~[HikariCP-5.0.1.jar:na]
	at com.zaxxer.hikari.pool.HikariProxyStatement.execute(HikariProxyStatement.java) ~[HikariCP-5.0.1.jar:na]
	at org.hibernate.tool.schema.internal.exec.GenerationTargetToDatabase.accept(GenerationTargetToDatabase.java:80) ~[hibernate-core-6.4.1.Final.jar:6.4.1.Final]
	... 40 common frames omitted

2026-03-14T12:51:22.584+05:30 DEBUG 17828 --- [grocery-billing-system] [main] org.hibernate.SQL                        : 
    create index idx_reference_number 
       on payments (reference_number)
2026-03-14T12:51:22.586+05:30 DEBUG 17828 --- [grocery-billing-system] [main] org.hibernate.SQL                        : 
    create index idx_sku 
       on products (sku)
2026-03-14T12:51:22.588+05:30 DEBUG 17828 --- [grocery-billing-system] [main] org.hibernate.SQL                        : 
    create index idx_barcode 
       on products (barcode)
2026-03-14T12:51:22.591+05:30 DEBUG 17828 --- [grocery-billing-system] [main] org.hibernate.SQL                        : 
    create index idx_category_id 
       on products (category_id)
2026-03-14T12:51:22.595+05:30 DEBUG 17828 --- [grocery-billing-system] [main] org.hibernate.SQL                        : 
    create index idx_is_active 
       on products (is_active)
2026-03-14T12:51:22.597+05:30  WARN 17828 --- [grocery-billing-system] [main] o.h.t.s.i.ExceptionHandlerLoggedImpl     : GenerationTarget encountered exception accepting command : Error executing DDL "
    create index idx_is_active 
       on products (is_active)" via JDBC [Index "IDX_IS_ACTIVE" already exists;]

org.hibernate.tool.schema.spi.CommandAcceptanceException: Error executing DDL "
    create index idx_is_active 
       on products (is_active)" via JDBC [Index "IDX_IS_ACTIVE" already exists;]
	at org.hibernate.tool.schema.internal.exec.GenerationTargetToDatabase.accept(GenerationTargetToDatabase.java:94) ~[hibernate-core-6.4.1.Final.jar:6.4.1.Final]
	at org.hibernate.tool.schema.internal.Helper.applySqlString(Helper.java:233) ~[hibernate-core-6.4.1.Final.jar:6.4.1.Final]
	at org.hibernate.tool.schema.internal.Helper.applySqlStrings(Helper.java:217) ~[hibernate-core-6.4.1.Final.jar:6.4.1.Final]
	at org.hibernate.tool.schema.internal.SchemaCreatorImpl.createTableConstraints(SchemaCreatorImpl.java:383) ~[hibernate-core-6.4.1.Final.jar:6.4.1.Final]
	at org.hibernate.tool.schema.internal.SchemaCreatorImpl.createSequencesTablesConstraints(SchemaCreatorImpl.java:351) ~[hibernate-core-6.4.1.Final.jar:6.4.1.Final]
	at org.hibernate.tool.schema.internal.SchemaCreatorImpl.createFromMetadata(SchemaCreatorImpl.java:239) ~[hibernate-core-6.4.1.Final.jar:6.4.1.Final]
	at org.hibernate.tool.schema.internal.SchemaCreatorImpl.performCreation(SchemaCreatorImpl.java:172) ~[hibernate-core-6.4.1.Final.jar:6.4.1.Final]
	at org.hibernate.tool.schema.internal.SchemaCreatorImpl.doCreation(SchemaCreatorImpl.java:142) ~[hibernate-core-6.4.1.Final.jar:6.4.1.Final]
	at org.hibernate.tool.schema.internal.SchemaCreatorImpl.doCreation(SchemaCreatorImpl.java:118) ~[hibernate-core-6.4.1.Final.jar:6.4.1.Final]
	at org.hibernate.tool.schema.spi.SchemaManagementToolCoordinator.performDatabaseAction(SchemaManagementToolCoordinator.java:256) ~[hibernate-core-6.4.1.Final.jar:6.4.1.Final]
	at org.hibernate.tool.schema.spi.SchemaManagementToolCoordinator.lambda$process$5(SchemaManagementToolCoordinator.java:145) ~[hibernate-core-6.4.1.Final.jar:6.4.1.Final]
	at java.base/java.util.HashMap.forEach(HashMap.java:1429) ~[na:na]
	at org.hibernate.tool.schema.spi.SchemaManagementToolCoordinator.process(SchemaManagementToolCoordinator.java:142) ~[hibernate-core-6.4.1.Final.jar:6.4.1.Final]
	at org.hibernate.boot.internal.SessionFactoryObserverForSchemaExport.sessionFactoryCreated(SessionFactoryObserverForSchemaExport.java:37) ~[hibernate-core-6.4.1.Final.jar:6.4.1.Final]
	at org.hibernate.internal.SessionFactoryObserverChain.sessionFactoryCreated(SessionFactoryObserverChain.java:35) ~[hibernate-core-6.4.1.Final.jar:6.4.1.Final]
	at org.hibernate.internal.SessionFactoryImpl.<init>(SessionFactoryImpl.java:315) ~[hibernate-core-6.4.1.Final.jar:6.4.1.Final]
	at org.hibernate.boot.internal.SessionFactoryBuilderImpl.build(SessionFactoryBuilderImpl.java:450) ~[hibernate-core-6.4.1.Final.jar:6.4.1.Final]
	at org.hibernate.jpa.boot.internal.EntityManagerFactoryBuilderImpl.build(EntityManagerFactoryBuilderImpl.java:1507) ~[hibernate-core-6.4.1.Final.jar:6.4.1.Final]
	at org.springframework.orm.jpa.vendor.SpringHibernateJpaPersistenceProvider.createContainerEntityManagerFactory(SpringHibernateJpaPersistenceProvider.java:75) ~[spring-orm-6.1.2.jar:6.1.2]
	at org.springframework.orm.jpa.LocalContainerEntityManagerFactoryBean.createNativeEntityManagerFactory(LocalContainerEntityManagerFactoryBean.java:376) ~[spring-orm-6.1.2.jar:6.1.2]
	at org.springframework.orm.jpa.AbstractEntityManagerFactoryBean.buildNativeEntityManagerFactory(AbstractEntityManagerFactoryBean.java:409) ~[spring-orm-6.1.2.jar:6.1.2]
	at org.springframework.orm.jpa.AbstractEntityManagerFactoryBean.afterPropertiesSet(AbstractEntityManagerFactoryBean.java:396) ~[spring-orm-6.1.2.jar:6.1.2]
	at org.springframework.orm.jpa.LocalContainerEntityManagerFactoryBean.afterPropertiesSet(LocalContainerEntityManagerFactoryBean.java:352) ~[spring-orm-6.1.2.jar:6.1.2]
	at org.springframework.beans.factory.support.AbstractAutowireCapableBeanFactory.invokeInitMethods(AbstractAutowireCapableBeanFactory.java:1820) ~[spring-beans-6.1.2.jar:6.1.2]
	at org.springframework.beans.factory.support.AbstractAutowireCapableBeanFactory.initializeBean(AbstractAutowireCapableBeanFactory.java:1769) ~[spring-beans-6.1.2.jar:6.1.2]
	at org.springframework.beans.factory.support.AbstractAutowireCapableBeanFactory.doCreateBean(AbstractAutowireCapableBeanFactory.java:599) ~[spring-beans-6.1.2.jar:6.1.2]
	at org.springframework.beans.factory.support.AbstractAutowireCapableBeanFactory.createBean(AbstractAutowireCapableBeanFactory.java:521) ~[spring-beans-6.1.2.jar:6.1.2]
	at org.springframework.beans.factory.support.AbstractBeanFactory.lambda$doGetBean$0(AbstractBeanFactory.java:325) ~[spring-beans-6.1.2.jar:6.1.2]
	at org.springframework.beans.factory.support.DefaultSingletonBeanRegistry.getSingleton(DefaultSingletonBeanRegistry.java:234) ~[spring-beans-6.1.2.jar:6.1.2]
	at org.springframework.beans.factory.support.AbstractBeanFactory.doGetBean(AbstractBeanFactory.java:323) ~[spring-beans-6.1.2.jar:6.1.2]
	at org.springframework.beans.factory.support.AbstractBeanFactory.getBean(AbstractBeanFactory.java:199) ~[spring-beans-6.1.2.jar:6.1.2]
	at org.springframework.context.support.AbstractApplicationContext.getBean(AbstractApplicationContext.java:1232) ~[spring-context-6.1.2.jar:6.1.2]
	at org.springframework.context.support.AbstractApplicationContext.finishBeanFactoryInitialization(AbstractApplicationContext.java:950) ~[spring-context-6.1.2.jar:6.1.2]
	at org.springframework.context.support.AbstractApplicationContext.refresh(AbstractApplicationContext.java:625) ~[spring-context-6.1.2.jar:6.1.2]
	at org.springframework.boot.web.servlet.context.ServletWebServerApplicationContext.refresh(ServletWebServerApplicationContext.java:146) ~[spring-boot-3.2.1.jar:3.2.1]
	at org.springframework.boot.SpringApplication.refresh(SpringApplication.java:762) ~[spring-boot-3.2.1.jar:3.2.1]
	at org.springframework.boot.SpringApplication.refreshContext(SpringApplication.java:464) ~[spring-boot-3.2.1.jar:3.2.1]
	at org.springframework.boot.SpringApplication.run(SpringApplication.java:334) ~[spring-boot-3.2.1.jar:3.2.1]
	at org.springframework.boot.SpringApplication.run(SpringApplication.java:1358) ~[spring-boot-3.2.1.jar:3.2.1]
	at org.springframework.boot.SpringApplication.run(SpringApplication.java:1347) ~[spring-boot-3.2.1.jar:3.2.1]
	at com.grocerystore.billing.GroceryBillingApplication.main(GroceryBillingApplication.java:21) ~[classes/:na]
Caused by: org.h2.jdbc.JdbcSQLSyntaxErrorException: Index "IDX_IS_ACTIVE" already exists; SQL statement:

    create index idx_is_active 
       on products (is_a [42111-224]
	at org.h2.message.DbException.getJdbcSQLException(DbException.java:514) ~[h2-2.2.224.jar:2.2.224]
	at org.h2.message.DbException.getJdbcSQLException(DbException.java:489) ~[h2-2.2.224.jar:2.2.224]
	at org.h2.message.DbException.get(DbException.java:223) ~[h2-2.2.224.jar:2.2.224]
	at org.h2.message.DbException.get(DbException.java:199) ~[h2-2.2.224.jar:2.2.224]
	at org.h2.command.ddl.CreateIndex.update(CreateIndex.java:76) ~[h2-2.2.224.jar:2.2.224]
	at org.h2.command.CommandContainer.update(CommandContainer.java:169) ~[h2-2.2.224.jar:2.2.224]
	at org.h2.command.Command.executeUpdate(Command.java:256) ~[h2-2.2.224.jar:2.2.224]
	at org.h2.jdbc.JdbcStatement.executeInternal(JdbcStatement.java:262) ~[h2-2.2.224.jar:2.2.224]
	at org.h2.jdbc.JdbcStatement.execute(JdbcStatement.java:231) ~[h2-2.2.224.jar:2.2.224]
	at com.zaxxer.hikari.pool.ProxyStatement.execute(ProxyStatement.java:94) ~[HikariCP-5.0.1.jar:na]
	at com.zaxxer.hikari.pool.HikariProxyStatement.execute(HikariProxyStatement.java) ~[HikariCP-5.0.1.jar:na]
	at org.hibernate.tool.schema.internal.exec.GenerationTargetToDatabase.accept(GenerationTargetToDatabase.java:80) ~[hibernate-core-6.4.1.Final.jar:6.4.1.Final]
	... 40 common frames omitted

2026-03-14T12:51:22.654+05:30 DEBUG 17828 --- [grocery-billing-system] [main] org.hibernate.SQL                        : 
    create index idx_name 
       on suppliers (name)
2026-03-14T12:51:22.662+05:30  WARN 17828 --- [grocery-billing-system] [main] o.h.t.s.i.ExceptionHandlerLoggedImpl     : GenerationTarget encountered exception accepting command : Error executing DDL "
    create index idx_name 
       on suppliers (name)" via JDBC [Index "IDX_NAME" already exists;]

org.hibernate.tool.schema.spi.CommandAcceptanceException: Error executing DDL "
    create index idx_name 
       on suppliers (name)" via JDBC [Index "IDX_NAME" already exists;]
	at org.hibernate.tool.schema.internal.exec.GenerationTargetToDatabase.accept(GenerationTargetToDatabase.java:94) ~[hibernate-core-6.4.1.Final.jar:6.4.1.Final]
	at org.hibernate.tool.schema.internal.Helper.applySqlString(Helper.java:233) ~[hibernate-core-6.4.1.Final.jar:6.4.1.Final]
	at org.hibernate.tool.schema.internal.Helper.applySqlStrings(Helper.java:217) ~[hibernate-core-6.4.1.Final.jar:6.4.1.Final]
	at org.hibernate.tool.schema.internal.SchemaCreatorImpl.createTableConstraints(SchemaCreatorImpl.java:383) ~[hibernate-core-6.4.1.Final.jar:6.4.1.Final]
	at org.hibernate.tool.schema.internal.SchemaCreatorImpl.createSequencesTablesConstraints(SchemaCreatorImpl.java:351) ~[hibernate-core-6.4.1.Final.jar:6.4.1.Final]
	at org.hibernate.tool.schema.internal.SchemaCreatorImpl.createFromMetadata(SchemaCreatorImpl.java:239) ~[hibernate-core-6.4.1.Final.jar:6.4.1.Final]
	at org.hibernate.tool.schema.internal.SchemaCreatorImpl.performCreation(SchemaCreatorImpl.java:172) ~[hibernate-core-6.4.1.Final.jar:6.4.1.Final]
	at org.hibernate.tool.schema.internal.SchemaCreatorImpl.doCreation(SchemaCreatorImpl.java:142) ~[hibernate-core-6.4.1.Final.jar:6.4.1.Final]
	at org.hibernate.tool.schema.internal.SchemaCreatorImpl.doCreation(SchemaCreatorImpl.java:118) ~[hibernate-core-6.4.1.Final.jar:6.4.1.Final]
	at org.hibernate.tool.schema.spi.SchemaManagementToolCoordinator.performDatabaseAction(SchemaManagementToolCoordinator.java:256) ~[hibernate-core-6.4.1.Final.jar:6.4.1.Final]
	at org.hibernate.tool.schema.spi.SchemaManagementToolCoordinator.lambda$process$5(SchemaManagementToolCoordinator.java:145) ~[hibernate-core-6.4.1.Final.jar:6.4.1.Final]
	at java.base/java.util.HashMap.forEach(HashMap.java:1429) ~[na:na]
	at org.hibernate.tool.schema.spi.SchemaManagementToolCoordinator.process(SchemaManagementToolCoordinator.java:142) ~[hibernate-core-6.4.1.Final.jar:6.4.1.Final]
	at org.hibernate.boot.internal.SessionFactoryObserverForSchemaExport.sessionFactoryCreated(SessionFactoryObserverForSchemaExport.java:37) ~[hibernate-core-6.4.1.Final.jar:6.4.1.Final]
	at org.hibernate.internal.SessionFactoryObserverChain.sessionFactoryCreated(SessionFactoryObserverChain.java:35) ~[hibernate-core-6.4.1.Final.jar:6.4.1.Final]
	at org.hibernate.internal.SessionFactoryImpl.<init>(SessionFactoryImpl.java:315) ~[hibernate-core-6.4.1.Final.jar:6.4.1.Final]
	at org.hibernate.boot.internal.SessionFactoryBuilderImpl.build(SessionFactoryBuilderImpl.java:450) ~[hibernate-core-6.4.1.Final.jar:6.4.1.Final]
	at org.hibernate.jpa.boot.internal.EntityManagerFactoryBuilderImpl.build(EntityManagerFactoryBuilderImpl.java:1507) ~[hibernate-core-6.4.1.Final.jar:6.4.1.Final]
	at org.springframework.orm.jpa.vendor.SpringHibernateJpaPersistenceProvider.createContainerEntityManagerFactory(SpringHibernateJpaPersistenceProvider.java:75) ~[spring-orm-6.1.2.jar:6.1.2]
	at org.springframework.orm.jpa.LocalContainerEntityManagerFactoryBean.createNativeEntityManagerFactory(LocalContainerEntityManagerFactoryBean.java:376) ~[spring-orm-6.1.2.jar:6.1.2]
	at org.springframework.orm.jpa.AbstractEntityManagerFactoryBean.buildNativeEntityManagerFactory(AbstractEntityManagerFactoryBean.java:409) ~[spring-orm-6.1.2.jar:6.1.2]
	at org.springframework.orm.jpa.AbstractEntityManagerFactoryBean.afterPropertiesSet(AbstractEntityManagerFactoryBean.java:396) ~[spring-orm-6.1.2.jar:6.1.2]
	at org.springframework.orm.jpa.LocalContainerEntityManagerFactoryBean.afterPropertiesSet(LocalContainerEntityManagerFactoryBean.java:352) ~[spring-orm-6.1.2.jar:6.1.2]
	at org.springframework.beans.factory.support.AbstractAutowireCapableBeanFactory.invokeInitMethods(AbstractAutowireCapableBeanFactory.java:1820) ~[spring-beans-6.1.2.jar:6.1.2]
	at org.springframework.beans.factory.support.AbstractAutowireCapableBeanFactory.initializeBean(AbstractAutowireCapableBeanFactory.java:1769) ~[spring-beans-6.1.2.jar:6.1.2]
	at org.springframework.beans.factory.support.AbstractAutowireCapableBeanFactory.doCreateBean(AbstractAutowireCapableBeanFactory.java:599) ~[spring-beans-6.1.2.jar:6.1.2]
	at org.springframework.beans.factory.support.AbstractAutowireCapableBeanFactory.createBean(AbstractAutowireCapableBeanFactory.java:521) ~[spring-beans-6.1.2.jar:6.1.2]
	at org.springframework.beans.factory.support.AbstractBeanFactory.lambda$doGetBean$0(AbstractBeanFactory.java:325) ~[spring-beans-6.1.2.jar:6.1.2]
	at org.springframework.beans.factory.support.DefaultSingletonBeanRegistry.getSingleton(DefaultSingletonBeanRegistry.java:234) ~[spring-beans-6.1.2.jar:6.1.2]
	at org.springframework.beans.factory.support.AbstractBeanFactory.doGetBean(AbstractBeanFactory.java:323) ~[spring-beans-6.1.2.jar:6.1.2]
	at org.springframework.beans.factory.support.AbstractBeanFactory.getBean(AbstractBeanFactory.java:199) ~[spring-beans-6.1.2.jar:6.1.2]
	at org.springframework.context.support.AbstractApplicationContext.getBean(AbstractApplicationContext.java:1232) ~[spring-context-6.1.2.jar:6.1.2]
	at org.springframework.context.support.AbstractApplicationContext.finishBeanFactoryInitialization(AbstractApplicationContext.java:950) ~[spring-context-6.1.2.jar:6.1.2]
	at org.springframework.context.support.AbstractApplicationContext.refresh(AbstractApplicationContext.java:625) ~[spring-context-6.1.2.jar:6.1.2]
	at org.springframework.boot.web.servlet.context.ServletWebServerApplicationContext.refresh(ServletWebServerApplicationContext.java:146) ~[spring-boot-3.2.1.jar:3.2.1]
	at org.springframework.boot.SpringApplication.refresh(SpringApplication.java:762) ~[spring-boot-3.2.1.jar:3.2.1]
	at org.springframework.boot.SpringApplication.refreshContext(SpringApplication.java:464) ~[spring-boot-3.2.1.jar:3.2.1]
	at org.springframework.boot.SpringApplication.run(SpringApplication.java:334) ~[spring-boot-3.2.1.jar:3.2.1]
	at org.springframework.boot.SpringApplication.run(SpringApplication.java:1358) ~[spring-boot-3.2.1.jar:3.2.1]
	at org.springframework.boot.SpringApplication.run(SpringApplication.java:1347) ~[spring-boot-3.2.1.jar:3.2.1]
	at com.grocerystore.billing.GroceryBillingApplication.main(GroceryBillingApplication.java:21) ~[classes/:na]
Caused by: org.h2.jdbc.JdbcSQLSyntaxErrorException: Index "IDX_NAME" already exists; SQL statement:

    create index idx_name 
       on suppliers  [42111-224]
	at org.h2.message.DbException.getJdbcSQLException(DbException.java:514) ~[h2-2.2.224.jar:2.2.224]
	at org.h2.message.DbException.getJdbcSQLException(DbException.java:489) ~[h2-2.2.224.jar:2.2.224]
	at org.h2.message.DbException.get(DbException.java:223) ~[h2-2.2.224.jar:2.2.224]
	at org.h2.message.DbException.get(DbException.java:199) ~[h2-2.2.224.jar:2.2.224]
	at org.h2.command.ddl.CreateIndex.update(CreateIndex.java:76) ~[h2-2.2.224.jar:2.2.224]
	at org.h2.command.CommandContainer.update(CommandContainer.java:169) ~[h2-2.2.224.jar:2.2.224]
	at org.h2.command.Command.executeUpdate(Command.java:256) ~[h2-2.2.224.jar:2.2.224]
	at org.h2.jdbc.JdbcStatement.executeInternal(JdbcStatement.java:262) ~[h2-2.2.224.jar:2.2.224]
	at org.h2.jdbc.JdbcStatement.execute(JdbcStatement.java:231) ~[h2-2.2.224.jar:2.2.224]
	at com.zaxxer.hikari.pool.ProxyStatement.execute(ProxyStatement.java:94) ~[HikariCP-5.0.1.jar:na]
	at com.zaxxer.hikari.pool.HikariProxyStatement.execute(HikariProxyStatement.java) ~[HikariCP-5.0.1.jar:na]
	at org.hibernate.tool.schema.internal.exec.GenerationTargetToDatabase.accept(GenerationTargetToDatabase.java:80) ~[hibernate-core-6.4.1.Final.jar:6.4.1.Final]
	... 40 common frames omitted

2026-03-14T12:51:22.701+05:30 DEBUG 17828 --- [grocery-billing-system] [main] org.hibernate.SQL                        : 
    create index idx_is_active 
       on suppliers (is_active)
2026-03-14T12:51:22.702+05:30  WARN 17828 --- [grocery-billing-system] [main] o.h.t.s.i.ExceptionHandlerLoggedImpl     : GenerationTarget encountered exception accepting command : Error executing DDL "
    create index idx_is_active 
       on suppliers (is_active)" via JDBC [Index "IDX_IS_ACTIVE" already exists;]

org.hibernate.tool.schema.spi.CommandAcceptanceException: Error executing DDL "
    create index idx_is_active 
       on suppliers (is_active)" via JDBC [Index "IDX_IS_ACTIVE" already exists;]
	at org.hibernate.tool.schema.internal.exec.GenerationTargetToDatabase.accept(GenerationTargetToDatabase.java:94) ~[hibernate-core-6.4.1.Final.jar:6.4.1.Final]
	at org.hibernate.tool.schema.internal.Helper.applySqlString(Helper.java:233) ~[hibernate-core-6.4.1.Final.jar:6.4.1.Final]
	at org.hibernate.tool.schema.internal.Helper.applySqlStrings(Helper.java:217) ~[hibernate-core-6.4.1.Final.jar:6.4.1.Final]
	at org.hibernate.tool.schema.internal.SchemaCreatorImpl.createTableConstraints(SchemaCreatorImpl.java:383) ~[hibernate-core-6.4.1.Final.jar:6.4.1.Final]
	at org.hibernate.tool.schema.internal.SchemaCreatorImpl.createSequencesTablesConstraints(SchemaCreatorImpl.java:351) ~[hibernate-core-6.4.1.Final.jar:6.4.1.Final]
	at org.hibernate.tool.schema.internal.SchemaCreatorImpl.createFromMetadata(SchemaCreatorImpl.java:239) ~[hibernate-core-6.4.1.Final.jar:6.4.1.Final]
	at org.hibernate.tool.schema.internal.SchemaCreatorImpl.performCreation(SchemaCreatorImpl.java:172) ~[hibernate-core-6.4.1.Final.jar:6.4.1.Final]
	at org.hibernate.tool.schema.internal.SchemaCreatorImpl.doCreation(SchemaCreatorImpl.java:142) ~[hibernate-core-6.4.1.Final.jar:6.4.1.Final]
	at org.hibernate.tool.schema.internal.SchemaCreatorImpl.doCreation(SchemaCreatorImpl.java:118) ~[hibernate-core-6.4.1.Final.jar:6.4.1.Final]
	at org.hibernate.tool.schema.spi.SchemaManagementToolCoordinator.performDatabaseAction(SchemaManagementToolCoordinator.java:256) ~[hibernate-core-6.4.1.Final.jar:6.4.1.Final]
	at org.hibernate.tool.schema.spi.SchemaManagementToolCoordinator.lambda$process$5(SchemaManagementToolCoordinator.java:145) ~[hibernate-core-6.4.1.Final.jar:6.4.1.Final]
	at java.base/java.util.HashMap.forEach(HashMap.java:1429) ~[na:na]
	at org.hibernate.tool.schema.spi.SchemaManagementToolCoordinator.process(SchemaManagementToolCoordinator.java:142) ~[hibernate-core-6.4.1.Final.jar:6.4.1.Final]
	at org.hibernate.boot.internal.SessionFactoryObserverForSchemaExport.sessionFactoryCreated(SessionFactoryObserverForSchemaExport.java:37) ~[hibernate-core-6.4.1.Final.jar:6.4.1.Final]
	at org.hibernate.internal.SessionFactoryObserverChain.sessionFactoryCreated(SessionFactoryObserverChain.java:35) ~[hibernate-core-6.4.1.Final.jar:6.4.1.Final]
	at org.hibernate.internal.SessionFactoryImpl.<init>(SessionFactoryImpl.java:315) ~[hibernate-core-6.4.1.Final.jar:6.4.1.Final]
	at org.hibernate.boot.internal.SessionFactoryBuilderImpl.build(SessionFactoryBuilderImpl.java:450) ~[hibernate-core-6.4.1.Final.jar:6.4.1.Final]
	at org.hibernate.jpa.boot.internal.EntityManagerFactoryBuilderImpl.build(EntityManagerFactoryBuilderImpl.java:1507) ~[hibernate-core-6.4.1.Final.jar:6.4.1.Final]
	at org.springframework.orm.jpa.vendor.SpringHibernateJpaPersistenceProvider.createContainerEntityManagerFactory(SpringHibernateJpaPersistenceProvider.java:75) ~[spring-orm-6.1.2.jar:6.1.2]
	at org.springframework.orm.jpa.LocalContainerEntityManagerFactoryBean.createNativeEntityManagerFactory(LocalContainerEntityManagerFactoryBean.java:376) ~[spring-orm-6.1.2.jar:6.1.2]
	at org.springframework.orm.jpa.AbstractEntityManagerFactoryBean.buildNativeEntityManagerFactory(AbstractEntityManagerFactoryBean.java:409) ~[spring-orm-6.1.2.jar:6.1.2]
	at org.springframework.orm.jpa.AbstractEntityManagerFactoryBean.afterPropertiesSet(AbstractEntityManagerFactoryBean.java:396) ~[spring-orm-6.1.2.jar:6.1.2]
	at org.springframework.orm.jpa.LocalContainerEntityManagerFactoryBean.afterPropertiesSet(LocalContainerEntityManagerFactoryBean.java:352) ~[spring-orm-6.1.2.jar:6.1.2]
	at org.springframework.beans.factory.support.AbstractAutowireCapableBeanFactory.invokeInitMethods(AbstractAutowireCapableBeanFactory.java:1820) ~[spring-beans-6.1.2.jar:6.1.2]
	at org.springframework.beans.factory.support.AbstractAutowireCapableBeanFactory.initializeBean(AbstractAutowireCapableBeanFactory.java:1769) ~[spring-beans-6.1.2.jar:6.1.2]
	at org.springframework.beans.factory.support.AbstractAutowireCapableBeanFactory.doCreateBean(AbstractAutowireCapableBeanFactory.java:599) ~[spring-beans-6.1.2.jar:6.1.2]
	at org.springframework.beans.factory.support.AbstractAutowireCapableBeanFactory.createBean(AbstractAutowireCapableBeanFactory.java:521) ~[spring-beans-6.1.2.jar:6.1.2]
	at org.springframework.beans.factory.support.AbstractBeanFactory.lambda$doGetBean$0(AbstractBeanFactory.java:325) ~[spring-beans-6.1.2.jar:6.1.2]
	at org.springframework.beans.factory.support.DefaultSingletonBeanRegistry.getSingleton(DefaultSingletonBeanRegistry.java:234) ~[spring-beans-6.1.2.jar:6.1.2]
	at org.springframework.beans.factory.support.AbstractBeanFactory.doGetBean(AbstractBeanFactory.java:323) ~[spring-beans-6.1.2.jar:6.1.2]
	at org.springframework.beans.factory.support.AbstractBeanFactory.getBean(AbstractBeanFactory.java:199) ~[spring-beans-6.1.2.jar:6.1.2]
	at org.springframework.context.support.AbstractApplicationContext.getBean(AbstractApplicationContext.java:1232) ~[spring-context-6.1.2.jar:6.1.2]
	at org.springframework.context.support.AbstractApplicationContext.finishBeanFactoryInitialization(AbstractApplicationContext.java:950) ~[spring-context-6.1.2.jar:6.1.2]
	at org.springframework.context.support.AbstractApplicationContext.refresh(AbstractApplicationContext.java:625) ~[spring-context-6.1.2.jar:6.1.2]
	at org.springframework.boot.web.servlet.context.ServletWebServerApplicationContext.refresh(ServletWebServerApplicationContext.java:146) ~[spring-boot-3.2.1.jar:3.2.1]
	at org.springframework.boot.SpringApplication.refresh(SpringApplication.java:762) ~[spring-boot-3.2.1.jar:3.2.1]
	at org.springframework.boot.SpringApplication.refreshContext(SpringApplication.java:464) ~[spring-boot-3.2.1.jar:3.2.1]
	at org.springframework.boot.SpringApplication.run(SpringApplication.java:334) ~[spring-boot-3.2.1.jar:3.2.1]
	at org.springframework.boot.SpringApplication.run(SpringApplication.java:1358) ~[spring-boot-3.2.1.jar:3.2.1]
	at org.springframework.boot.SpringApplication.run(SpringApplication.java:1347) ~[spring-boot-3.2.1.jar:3.2.1]
	at com.grocerystore.billing.GroceryBillingApplication.main(GroceryBillingApplication.java:21) ~[classes/:na]
Caused by: org.h2.jdbc.JdbcSQLSyntaxErrorException: Index "IDX_IS_ACTIVE" already exists; SQL statement:

    create index idx_is_active 
       on suppliers (is_a [42111-224]
	at org.h2.message.DbException.getJdbcSQLException(DbException.java:514) ~[h2-2.2.224.jar:2.2.224]
	at org.h2.message.DbException.getJdbcSQLException(DbException.java:489) ~[h2-2.2.224.jar:2.2.224]
	at org.h2.message.DbException.get(DbException.java:223) ~[h2-2.2.224.jar:2.2.224]
	at org.h2.message.DbException.get(DbException.java:199) ~[h2-2.2.224.jar:2.2.224]
	at org.h2.command.ddl.CreateIndex.update(CreateIndex.java:76) ~[h2-2.2.224.jar:2.2.224]
	at org.h2.command.CommandContainer.update(CommandContainer.java:169) ~[h2-2.2.224.jar:2.2.224]
	at org.h2.command.Command.executeUpdate(Command.java:256) ~[h2-2.2.224.jar:2.2.224]
	at org.h2.jdbc.JdbcStatement.executeInternal(JdbcStatement.java:262) ~[h2-2.2.224.jar:2.2.224]
	at org.h2.jdbc.JdbcStatement.execute(JdbcStatement.java:231) ~[h2-2.2.224.jar:2.2.224]
	at com.zaxxer.hikari.pool.ProxyStatement.execute(ProxyStatement.java:94) ~[HikariCP-5.0.1.jar:na]
	at com.zaxxer.hikari.pool.HikariProxyStatement.execute(HikariProxyStatement.java) ~[HikariCP-5.0.1.jar:na]
	at org.hibernate.tool.schema.internal.exec.GenerationTargetToDatabase.accept(GenerationTargetToDatabase.java:80) ~[hibernate-core-6.4.1.Final.jar:6.4.1.Final]
	... 40 common frames omitted

2026-03-14T12:51:22.724+05:30 DEBUG 17828 --- [grocery-billing-system] [main] org.hibernate.SQL                        : 
    create index idx_city 
       on suppliers (city)
2026-03-14T12:51:22.727+05:30 DEBUG 17828 --- [grocery-billing-system] [main] org.hibernate.SQL                        : 
    create index idx_username 
       on users (username)
2026-03-14T12:51:22.730+05:30 DEBUG 17828 --- [grocery-billing-system] [main] org.hibernate.SQL                        : 
    create index idx_email 
       on users (email)
2026-03-14T12:51:22.732+05:30  WARN 17828 --- [grocery-billing-system] [main] o.h.t.s.i.ExceptionHandlerLoggedImpl     : GenerationTarget encountered exception accepting command : Error executing DDL "
    create index idx_email 
       on users (email)" via JDBC [Index "IDX_EMAIL" already exists;]

org.hibernate.tool.schema.spi.CommandAcceptanceException: Error executing DDL "
    create index idx_email 
       on users (email)" via JDBC [Index "IDX_EMAIL" already exists;]
	at org.hibernate.tool.schema.internal.exec.GenerationTargetToDatabase.accept(GenerationTargetToDatabase.java:94) ~[hibernate-core-6.4.1.Final.jar:6.4.1.Final]
	at org.hibernate.tool.schema.internal.Helper.applySqlString(Helper.java:233) ~[hibernate-core-6.4.1.Final.jar:6.4.1.Final]
	at org.hibernate.tool.schema.internal.Helper.applySqlStrings(Helper.java:217) ~[hibernate-core-6.4.1.Final.jar:6.4.1.Final]
	at org.hibernate.tool.schema.internal.SchemaCreatorImpl.createTableConstraints(SchemaCreatorImpl.java:383) ~[hibernate-core-6.4.1.Final.jar:6.4.1.Final]
	at org.hibernate.tool.schema.internal.SchemaCreatorImpl.createSequencesTablesConstraints(SchemaCreatorImpl.java:351) ~[hibernate-core-6.4.1.Final.jar:6.4.1.Final]
	at org.hibernate.tool.schema.internal.SchemaCreatorImpl.createFromMetadata(SchemaCreatorImpl.java:239) ~[hibernate-core-6.4.1.Final.jar:6.4.1.Final]
	at org.hibernate.tool.schema.internal.SchemaCreatorImpl.performCreation(SchemaCreatorImpl.java:172) ~[hibernate-core-6.4.1.Final.jar:6.4.1.Final]
	at org.hibernate.tool.schema.internal.SchemaCreatorImpl.doCreation(SchemaCreatorImpl.java:142) ~[hibernate-core-6.4.1.Final.jar:6.4.1.Final]
	at org.hibernate.tool.schema.internal.SchemaCreatorImpl.doCreation(SchemaCreatorImpl.java:118) ~[hibernate-core-6.4.1.Final.jar:6.4.1.Final]
	at org.hibernate.tool.schema.spi.SchemaManagementToolCoordinator.performDatabaseAction(SchemaManagementToolCoordinator.java:256) ~[hibernate-core-6.4.1.Final.jar:6.4.1.Final]
	at org.hibernate.tool.schema.spi.SchemaManagementToolCoordinator.lambda$process$5(SchemaManagementToolCoordinator.java:145) ~[hibernate-core-6.4.1.Final.jar:6.4.1.Final]
	at java.base/java.util.HashMap.forEach(HashMap.java:1429) ~[na:na]
	at org.hibernate.tool.schema.spi.SchemaManagementToolCoordinator.process(SchemaManagementToolCoordinator.java:142) ~[hibernate-core-6.4.1.Final.jar:6.4.1.Final]
	at org.hibernate.boot.internal.SessionFactoryObserverForSchemaExport.sessionFactoryCreated(SessionFactoryObserverForSchemaExport.java:37) ~[hibernate-core-6.4.1.Final.jar:6.4.1.Final]
	at org.hibernate.internal.SessionFactoryObserverChain.sessionFactoryCreated(SessionFactoryObserverChain.java:35) ~[hibernate-core-6.4.1.Final.jar:6.4.1.Final]
	at org.hibernate.internal.SessionFactoryImpl.<init>(SessionFactoryImpl.java:315) ~[hibernate-core-6.4.1.Final.jar:6.4.1.Final]
	at org.hibernate.boot.internal.SessionFactoryBuilderImpl.build(SessionFactoryBuilderImpl.java:450) ~[hibernate-core-6.4.1.Final.jar:6.4.1.Final]
	at org.hibernate.jpa.boot.internal.EntityManagerFactoryBuilderImpl.build(EntityManagerFactoryBuilderImpl.java:1507) ~[hibernate-core-6.4.1.Final.jar:6.4.1.Final]
	at org.springframework.orm.jpa.vendor.SpringHibernateJpaPersistenceProvider.createContainerEntityManagerFactory(SpringHibernateJpaPersistenceProvider.java:75) ~[spring-orm-6.1.2.jar:6.1.2]
	at org.springframework.orm.jpa.LocalContainerEntityManagerFactoryBean.createNativeEntityManagerFactory(LocalContainerEntityManagerFactoryBean.java:376) ~[spring-orm-6.1.2.jar:6.1.2]
	at org.springframework.orm.jpa.AbstractEntityManagerFactoryBean.buildNativeEntityManagerFactory(AbstractEntityManagerFactoryBean.java:409) ~[spring-orm-6.1.2.jar:6.1.2]
	at org.springframework.orm.jpa.AbstractEntityManagerFactoryBean.afterPropertiesSet(AbstractEntityManagerFactoryBean.java:396) ~[spring-orm-6.1.2.jar:6.1.2]
	at org.springframework.orm.jpa.LocalContainerEntityManagerFactoryBean.afterPropertiesSet(LocalContainerEntityManagerFactoryBean.java:352) ~[spring-orm-6.1.2.jar:6.1.2]
	at org.springframework.beans.factory.support.AbstractAutowireCapableBeanFactory.invokeInitMethods(AbstractAutowireCapableBeanFactory.java:1820) ~[spring-beans-6.1.2.jar:6.1.2]
	at org.springframework.beans.factory.support.AbstractAutowireCapableBeanFactory.initializeBean(AbstractAutowireCapableBeanFactory.java:1769) ~[spring-beans-6.1.2.jar:6.1.2]
	at org.springframework.beans.factory.support.AbstractAutowireCapableBeanFactory.doCreateBean(AbstractAutowireCapableBeanFactory.java:599) ~[spring-beans-6.1.2.jar:6.1.2]
	at org.springframework.beans.factory.support.AbstractAutowireCapableBeanFactory.createBean(AbstractAutowireCapableBeanFactory.java:521) ~[spring-beans-6.1.2.jar:6.1.2]
	at org.springframework.beans.factory.support.AbstractBeanFactory.lambda$doGetBean$0(AbstractBeanFactory.java:325) ~[spring-beans-6.1.2.jar:6.1.2]
	at org.springframework.beans.factory.support.DefaultSingletonBeanRegistry.getSingleton(DefaultSingletonBeanRegistry.java:234) ~[spring-beans-6.1.2.jar:6.1.2]
	at org.springframework.beans.factory.support.AbstractBeanFactory.doGetBean(AbstractBeanFactory.java:323) ~[spring-beans-6.1.2.jar:6.1.2]
	at org.springframework.beans.factory.support.AbstractBeanFactory.getBean(AbstractBeanFactory.java:199) ~[spring-beans-6.1.2.jar:6.1.2]
	at org.springframework.context.support.AbstractApplicationContext.getBean(AbstractApplicationContext.java:1232) ~[spring-context-6.1.2.jar:6.1.2]
	at org.springframework.context.support.AbstractApplicationContext.finishBeanFactoryInitialization(AbstractApplicationContext.java:950) ~[spring-context-6.1.2.jar:6.1.2]
	at org.springframework.context.support.AbstractApplicationContext.refresh(AbstractApplicationContext.java:625) ~[spring-context-6.1.2.jar:6.1.2]
	at org.springframework.boot.web.servlet.context.ServletWebServerApplicationContext.refresh(ServletWebServerApplicationContext.java:146) ~[spring-boot-3.2.1.jar:3.2.1]
	at org.springframework.boot.SpringApplication.refresh(SpringApplication.java:762) ~[spring-boot-3.2.1.jar:3.2.1]
	at org.springframework.boot.SpringApplication.refreshContext(SpringApplication.java:464) ~[spring-boot-3.2.1.jar:3.2.1]
	at org.springframework.boot.SpringApplication.run(SpringApplication.java:334) ~[spring-boot-3.2.1.jar:3.2.1]
	at org.springframework.boot.SpringApplication.run(SpringApplication.java:1358) ~[spring-boot-3.2.1.jar:3.2.1]
	at org.springframework.boot.SpringApplication.run(SpringApplication.java:1347) ~[spring-boot-3.2.1.jar:3.2.1]
	at com.grocerystore.billing.GroceryBillingApplication.main(GroceryBillingApplication.java:21) ~[classes/:na]
Caused by: org.h2.jdbc.JdbcSQLSyntaxErrorException: Index "IDX_EMAIL" already exists; SQL statement:

    create index idx_email 
       on users ( [42111-224]
	at org.h2.message.DbException.getJdbcSQLException(DbException.java:514) ~[h2-2.2.224.jar:2.2.224]
	at org.h2.message.DbException.getJdbcSQLException(DbException.java:489) ~[h2-2.2.224.jar:2.2.224]
	at org.h2.message.DbException.get(DbException.java:223) ~[h2-2.2.224.jar:2.2.224]
	at org.h2.message.DbException.get(DbException.java:199) ~[h2-2.2.224.jar:2.2.224]
	at org.h2.command.ddl.CreateIndex.update(CreateIndex.java:76) ~[h2-2.2.224.jar:2.2.224]
	at org.h2.command.CommandContainer.update(CommandContainer.java:169) ~[h2-2.2.224.jar:2.2.224]
	at org.h2.command.Command.executeUpdate(Command.java:256) ~[h2-2.2.224.jar:2.2.224]
	at org.h2.jdbc.JdbcStatement.executeInternal(JdbcStatement.java:262) ~[h2-2.2.224.jar:2.2.224]
	at org.h2.jdbc.JdbcStatement.execute(JdbcStatement.java:231) ~[h2-2.2.224.jar:2.2.224]
	at com.zaxxer.hikari.pool.ProxyStatement.execute(ProxyStatement.java:94) ~[HikariCP-5.0.1.jar:na]
	at com.zaxxer.hikari.pool.HikariProxyStatement.execute(HikariProxyStatement.java) ~[HikariCP-5.0.1.jar:na]
	at org.hibernate.tool.schema.internal.exec.GenerationTargetToDatabase.accept(GenerationTargetToDatabase.java:80) ~[hibernate-core-6.4.1.Final.jar:6.4.1.Final]
	... 40 common frames omitted

2026-03-14T12:51:22.757+05:30 DEBUG 17828 --- [grocery-billing-system] [main] org.hibernate.SQL                        : 
    create index idx_role 
       on users (role)
2026-03-14T12:51:22.760+05:30 DEBUG 17828 --- [grocery-billing-system] [main] org.hibernate.SQL                        : 
    alter table if exists audit_logs 
       add constraint FKjs4iimve3y0xssbtve5ysyef0 
       foreign key (user_id) 
       references users
2026-03-14T12:51:22.781+05:30 DEBUG 17828 --- [grocery-billing-system] [main] org.hibernate.SQL                        : 
    alter table if exists bill_items 
       add constraint FKj9o7g8krc56gf6t6f0sy4ic5p 
       foreign key (bill_id) 
       references bills
2026-03-14T12:51:22.783+05:30 DEBUG 17828 --- [grocery-billing-system] [main] org.hibernate.SQL                        : 
    alter table if exists bill_items 
       add constraint FKnxfjfage047r297vj65sq8e6h 
       foreign key (product_id) 
       references products
2026-03-14T12:51:22.786+05:30 DEBUG 17828 --- [grocery-billing-system] [main] org.hibernate.SQL                        : 
    alter table if exists bills 
       add constraint FKfooroaa22n3o2sqy6l5syrdm 
       foreign key (cashier_id) 
       references users
2026-03-14T12:51:22.788+05:30 DEBUG 17828 --- [grocery-billing-system] [main] org.hibernate.SQL                        : 
    alter table if exists bills 
       add constraint FKoy9sc2dmxj2qwjeiiilf3yuxp 
       foreign key (customer_id) 
       references customers
2026-03-14T12:51:22.791+05:30 DEBUG 17828 --- [grocery-billing-system] [main] org.hibernate.SQL                        : 
    alter table if exists bills 
       add constraint FKk6blwwpbgvwq7238pvbg63364 
       foreign key (void_by_user_id) 
       references users
2026-03-14T12:51:22.797+05:30 DEBUG 17828 --- [grocery-billing-system] [main] org.hibernate.SQL                        : 
    alter table if exists categories 
       add constraint FKsaok720gsu4u2wrgbk10b5n8d 
       foreign key (parent_id) 
       references categories
2026-03-14T12:51:22.800+05:30 DEBUG 17828 --- [grocery-billing-system] [main] org.hibernate.SQL                        : 
    alter table if exists payments 
       add constraint FK9565r6579khpdjxnyla0l2ycd 
       foreign key (bill_id) 
       references bills
2026-03-14T12:51:22.803+05:30 DEBUG 17828 --- [grocery-billing-system] [main] org.hibernate.SQL                        : 
    alter table if exists payments 
       add constraint FK45dp0030s8e3myd8n6ky4e79g 
       foreign key (customer_id) 
       references customers
2026-03-14T12:51:22.806+05:30 DEBUG 17828 --- [grocery-billing-system] [main] org.hibernate.SQL                        : 
    alter table if exists products 
       add constraint FKog2rp4qthbtt2lfyhfo32lsw9 
       foreign key (category_id) 
       references categories
2026-03-14T12:51:22.812+05:30 DEBUG 17828 --- [grocery-billing-system] [main] org.hibernate.SQL                        : 
    alter table if exists products 
       add constraint FK6i174ixi9087gcvvut45em7fd 
       foreign key (supplier_id) 
       references suppliers
2026-03-14T12:51:22.820+05:30  INFO 17828 --- [grocery-billing-system] [main] j.LocalContainerEntityManagerFactoryBean : Initialized JPA EntityManagerFactory for persistence unit 'default'
2026-03-14T12:51:24.130+05:30  INFO 17828 --- [grocery-billing-system] [main] o.s.d.j.r.query.QueryEnhancerFactory     : Hibernate is in classpath; If applicable, HQL parser will be used.
2026-03-14T12:51:29.986+05:30  WARN 17828 --- [grocery-billing-system] [main] JpaBaseConfiguration$JpaWebConfiguration : spring.jpa.open-in-view is enabled by default. Therefore, database queries may be performed during view rendering. Explicitly configure spring.jpa.open-in-view to disable this warning
2026-03-14T12:51:30.079+05:30  WARN 17828 --- [grocery-billing-system] [main] .s.s.UserDetailsServiceAutoConfiguration : 

Using generated security password: 4d4dc8ec-38e7-4741-8ea8-74661b801f58

This generated password is for development use only. Your security configuration must be updated before running your application in production.

2026-03-14T12:51:34.220+05:30  INFO 17828 --- [grocery-billing-system] [main] o.s.b.a.e.web.EndpointLinksResolver      : Exposing 2 endpoint(s) beneath base path '/actuator'
2026-03-14T12:51:35.352+05:30  INFO 17828 --- [grocery-billing-system] [main] o.s.s.web.DefaultSecurityFilterChain     : Will secure any request with [org.springframework.security.web.session.DisableEncodeUrlFilter@bf1b11f, org.springframework.security.web.context.request.async.WebAsyncManagerIntegrationFilter@24408aa1, org.springframework.security.web.context.SecurityContextHolderFilter@285836c9, org.springframework.security.web.header.HeaderWriterFilter@74eed145, org.springframework.web.filter.CorsFilter@2db660c4, org.springframework.security.web.authentication.logout.LogoutFilter@8d70fd, com.grocerystore.billing.filter.JwtAuthenticationFilter@1bc6c20d, org.springframework.security.web.savedrequest.RequestCacheAwareFilter@b27b17d, org.springframework.security.web.servletapi.SecurityContextHolderAwareRequestFilter@43b98754, org.springframework.security.web.authentication.AnonymousAuthenticationFilter@4e06d88, org.springframework.security.web.session.SessionManagementFilter@131b7eb9, org.springframework.security.web.access.ExceptionTranslationFilter@2cf97fb4, org.springframework.security.web.access.intercept.AuthorizationFilter@2aec7d12]
2026-03-14T12:51:38.237+05:30  INFO 17828 --- [grocery-billing-system] [RMI TCP Connection(2)-127.0.0.1] o.a.c.c.C.[.[localhost].[/api/v1]        : Initializing Spring DispatcherServlet 'dispatcherServlet'
2026-03-14T12:51:38.313+05:30  INFO 17828 --- [grocery-billing-system] [RMI TCP Connection(2)-127.0.0.1] o.s.web.servlet.DispatcherServlet        : Initializing Servlet 'dispatcherServlet'
2026-03-14T12:51:38.370+05:30  INFO 17828 --- [grocery-billing-system] [RMI TCP Connection(2)-127.0.0.1] o.s.web.servlet.DispatcherServlet        : Completed initialization in 55 ms
2026-03-14T12:51:39.395+05:30  INFO 17828 --- [grocery-billing-system] [main] o.s.b.w.embedded.tomcat.TomcatWebServer  : Tomcat started on port 8080 (http) with context path '/api/v1'
2026-03-14T12:51:39.418+05:30  INFO 17828 --- [grocery-billing-system] [main] c.g.billing.GroceryBillingApplication    : Started GroceryBillingApplication in 33.682 seconds (process running for 35.868)
2026-03-14T12:51:39.455+05:30  INFO 17828 --- [grocery-billing-system] [main] c.g.billing.config.DataInitializer       : Initializing default users...
2026-03-14T12:51:39.783+05:30 DEBUG 17828 --- [grocery-billing-system] [main] org.hibernate.SQL                        : 
    select
        u1_0.user_id,
        u1_0.created_at,
        u1_0.email,
        u1_0.first_name,
        u1_0.is_active,
        u1_0.last_login,
        u1_0.last_name,
        u1_0.password_hash,
        u1_0.role,
        u1_0.updated_at,
        u1_0.username 
    from
        users u1_0 
    where
        u1_0.username=?
2026-03-14T12:51:40.048+05:30 DEBUG 17828 --- [grocery-billing-system] [main] org.hibernate.SQL                        : 
    insert 
    into
        users
        (created_at, email, first_name, is_active, last_login, last_name, password_hash, role, updated_at, username, user_id) 
    values
        (?, ?, ?, ?, ?, ?, ?, ?, ?, ?, default)
2026-03-14T12:51:40.082+05:30  INFO 17828 --- [grocery-billing-system] [main] c.g.billing.config.DataInitializer       : Created user: admin with role: ADMIN
2026-03-14T12:51:40.085+05:30 DEBUG 17828 --- [grocery-billing-system] [main] org.hibernate.SQL                        : 
    select
        u1_0.user_id,
        u1_0.created_at,
        u1_0.email,
        u1_0.first_name,
        u1_0.is_active,
        u1_0.last_login,
        u1_0.last_name,
        u1_0.password_hash,
        u1_0.role,
        u1_0.updated_at,
        u1_0.username 
    from
        users u1_0 
    where
        u1_0.username=?
2026-03-14T12:51:40.190+05:30 DEBUG 17828 --- [grocery-billing-system] [main] org.hibernate.SQL                        : 
    insert 
    into
        users
        (created_at, email, first_name, is_active, last_login, last_name, password_hash, role, updated_at, username, user_id) 
    values
        (?, ?, ?, ?, ?, ?, ?, ?, ?, ?, default)
2026-03-14T12:51:40.195+05:30  INFO 17828 --- [grocery-billing-system] [main] c.g.billing.config.DataInitializer       : Created user: cashier1 with role: CASHIER
2026-03-14T12:51:40.198+05:30 DEBUG 17828 --- [grocery-billing-system] [main] org.hibernate.SQL                        : 
    select
        u1_0.user_id,
        u1_0.created_at,
        u1_0.email,
        u1_0.first_name,
        u1_0.is_active,
        u1_0.last_login,
        u1_0.last_name,
        u1_0.password_hash,
        u1_0.role,
        u1_0.updated_at,
        u1_0.username 
    from
        users u1_0 
    where
        u1_0.username=?
2026-03-14T12:51:40.305+05:30 DEBUG 17828 --- [grocery-billing-system] [main] org.hibernate.SQL                        : 
    insert 
    into
        users
        (created_at, email, first_name, is_active, last_login, last_name, password_hash, role, updated_at, username, user_id) 
    values
        (?, ?, ?, ?, ?, ?, ?, ?, ?, ?, default)
2026-03-14T12:51:40.308+05:30  INFO 17828 --- [grocery-billing-system] [main] c.g.billing.config.DataInitializer       : Created user: manager1 with role: MANAGER
2026-03-14T12:51:40.313+05:30 DEBUG 17828 --- [grocery-billing-system] [main] org.hibernate.SQL                        : 
    select
        u1_0.user_id,
        u1_0.created_at,
        u1_0.email,
        u1_0.first_name,
        u1_0.is_active,
        u1_0.last_login,
        u1_0.last_name,
        u1_0.password_hash,
        u1_0.role,
        u1_0.updated_at,
        u1_0.username 
    from
        users u1_0 
    where
        u1_0.username=?
2026-03-14T12:51:40.428+05:30 DEBUG 17828 --- [grocery-billing-system] [main] org.hibernate.SQL                        : 
    insert 
    into
        users
        (created_at, email, first_name, is_active, last_login, last_name, password_hash, role, updated_at, username, user_id) 
    values
        (?, ?, ?, ?, ?, ?, ?, ?, ?, ?, default)
2026-03-14T12:51:40.432+05:30  INFO 17828 --- [grocery-billing-system] [main] c.g.billing.config.DataInitializer       : Created user: inventory1 with role: INVENTORY_MANAGER
2026-03-14T12:51:40.440+05:30 DEBUG 17828 --- [grocery-billing-system] [main] org.hibernate.SQL                        : 
    select
        u1_0.user_id,
        u1_0.created_at,
        u1_0.email,
        u1_0.first_name,
        u1_0.is_active,
        u1_0.last_login,
        u1_0.last_name,
        u1_0.password_hash,
        u1_0.role,
        u1_0.updated_at,
        u1_0.username 
    from
        users u1_0 
    where
        u1_0.username=?
2026-03-14T12:51:40.593+05:30 DEBUG 17828 --- [grocery-billing-system] [main] org.hibernate.SQL                        : 
    insert 
    into
        users
        (created_at, email, first_name, is_active, last_login, last_name, password_hash, role, updated_at, username, user_id) 
    values
        (?, ?, ?, ?, ?, ?, ?, ?, ?, ?, default)
2026-03-14T12:51:40.598+05:30  INFO 17828 --- [grocery-billing-system] [main] c.g.billing.config.DataInitializer       : Created user: accountant1 with role: ACCOUNTANT
2026-03-14T12:51:40.601+05:30  INFO 17828 --- [grocery-billing-system] [main] c.g.billing.config.DataInitializer       : Default users initialization completed
